id,imie,nazwisko,zawod,ulica,kod,miasto,stawka
0,Jan,Korek,Tłumacz przysięgły,Ciasna 12,18-896,Jarocin,135
1,Witold,Cabała,Inscenizator,Cisowa 486,43-175,Mława,34
2,Cyprian,Fronia,Barista,Graniczna 03/09,83-463,Pszczyna,14
3,Mariusz,Łuckiewicz,Archeolog,Złota 62,41-684,Tychy,120
4,Jerzy,Kołaczek,Supermodelka,Stroma 94,03-417,Biała Podlaska,125
5,Jacek,Pytlarz,Kostiumograf,Agrestowa 981,53-224,Łomża,21
6,Krystyna,Szatko,Taksówkarz,Kasztanowa 40,68-190,Marki,19
7,Miłosz,Wojtiuk,Barista,Makuszyńskiego 64/43,25-337,Kłodzko,137
8,Aleks,Jessa,Syndyk,Paderewskiego 537,03-359,Swarzędz,107
9,Jacek,Cal,Pośrednik ubezpieczeniowy,Sienkiewicza 29,05-794,Świętochłowice,89
10,Robert,Kułach,Kawalkator,Maja 03/10,03-245,Oświęcim,120
11,Marek,Kaja,Dyrektor artystyczny,Rzemieślnicza 298,00-590,Poznań,107
12,Ewa,Ostręga,Technik kelner,Mickiewicza 967,03-002,Inowrocław,98
13,Filip,Suchta,Kuk,Irysowa 51,81-580,Konin,90
14,Kornel,Fras,Aktor dziecięcy,Wąska 66/87,14-320,Żary,46
15,Ernest,Krzywoń,Barman,Lipca 50,26-131,Żagań,65
16,Karol,Łokietek,Pracownicy uczelni w Polsce,Niecała 726,12-002,Wodzisław Śląski,42
17,Krystyna,Dytrych,Robotnik,Tartaczna 248,51-848,Jelenia Góra,31
18,Gabriel,Majtyka,Technik ochrony środowiska,Poprzeczna 649,47-077,Dąbrowa Górnicza,43
19,Kaja,Para,Główny księgowy,Podmiejska 782,00-918,Radomsko,103
20,Ignacy,Zysk,Robotnik,Dobra 20/13,10-110,Żagań,69
21,Aleks,Paprotny,Inżynier,Rzeczna 92,91-693,Rzeszów,111
22,Julian,Macioł,Rekwizytor,Łanowa 997,20-348,Leszno,14
23,Karol,Majtyka,Przedstawiciel handlowy,Stawowa 060,92-357,Chełm,14
24,Melania,Wałaszek,Motorniczy,Ptasia 60/13,49-218,Inowrocław,51
25,Jan,Steuer,Arborysta,Srebrna 012,84-056,Oświęcim,141
26,Adrian,Parkitny,Salowa,Jodłowa 16,30-210,Leszno,54
27,Dominik,Padło,Konsultant,Łanowa 38/50,08-579,Rzeszów,109
28,Artur,Boryczko,Syndyk licencjonowany,Solidarnosci 18,07-320,Czeladź,89
29,Blanka,Piotrak,Aktuariusz,Wyzwolenia 43,61-628,Nowa Ruda,80
30,Daniel,Małyszka,Meteorolog,Jana Sobieskiego 62,02-683,Lubliniec,148
31,Eliza,Kaczan,Technik elektronik,Leszczynowa 85/46,35-402,Śrem,35
32,Mariusz,Dynak,Instruktor,Kościuszki 326,74-550,Pszczyna,124
33,Szymon,Beker,Dubler,Wspólna 55,57-877,Łuków,29
34,Tomasz,Kośnik,Ochroniarz,Chabrowa 948,39-792,Toruń,82
35,Przemysław,Ellwart,Dyrektor finansowy,Magnoliowa 32/79,67-819,Piotrków Trybunalski,110
36,Norbert,Zdancewicz,Politolog,Korczaka 07,60-191,Chrzanów,52
37,Olga,Cyman,Kuk,Staffa 880,16-716,Suwałki,48
38,Przemysław,Nagel,Astronom,Długosza 32,30-874,Będzin,84
39,Tomasz,Kocaj,Konferansjer,Sportowa 65/67,32-280,Słupsk,15
40,Karol,Parafiniuk,Handlarz,Górska 83/47,96-302,Radom,37
41,Robert,Srokosz,Psiarz,Pocztowa 21/59,89-192,Police,56
42,Elżbieta,Trybuś,Brakarz,Turystyczna 17/08,28-294,Oleśnica,124
43,Przemysław,Bobak,Agent literacki,Konarskiego 36/82,52-377,Ruda Śląska,48
44,Dawid,Chomik,Broker informacji,Miarki 00/40,92-317,Słupsk,148
45,Rafał,Nestorowicz,Technik budownictwa,Rzemieślnicza 824,07-964,Radom,33
46,Tola,Gwara,Leśniczy,Jarzębinowa 81/97,81-147,Zamość,88
47,Róża,Piotrak,Katecheta,Sawickiej 55,66-198,Bytom,49
48,Bruno,Holc,Pracownik socjalny,Wiejska 54/12,77-418,Tarnów,106
49,Angelika,Wardziak,Tłumacz,Plażowa 05,37-540,Racibórz,24
50,Eliza,Michel,Żongler,Gołębia 62/62,20-310,Środa Wielkopolska,22
51,Julianna,Hadam,Drwal,Przechodnia 86/98,06-654,Wodzisław Śląski,84
52,Kacper,Rychel,Modelka dużych rozmiarów,Stefana Batorego 24,34-608,Sandomierz,75
53,Juliusz,Matura,Marketingowiec,Jabłoniowa 15,90-235,Luboń,118
54,Alex,Tasarz,Hutnik,Podleśna 32,07-774,Ciechanów,32
55,Kaja,Skierka,Hutnik,Miarki 318,47-629,Dąbrowa Górnicza,31
56,Karina,Feliksiak,Archeolog,Kasprowicza 13/66,96-532,Nowa Ruda,94
57,Aurelia,Łodyga,Iluzjonista,Swierkowa 911,67-959,Piotrków Trybunalski,131
58,Angelika,Płaneta,Kelner,Maczka 497,53-912,Płońsk,146
59,Dariusz,Łachut,Barista,Wiklinowa 03/91,08-546,Wągrowiec,30
60,Dorota,Dzidek,Ekonomista,Krakowska 437,12-382,Gliwice,62
61,Dominik,Dzikiewicz,Rybak,Perłowa 21/77,62-991,Rzeszów,103
62,Krystyna,Młyńczyk,Nauczyciel akademicki,Kolonia 146,95-364,Goleniów,41
63,Jan,Drela,Hostessa,Bukowa 34,11-755,Chorzów,44
64,Gustaw,Wujek,Makler papierów wartościowych,Przemysłowa 373,51-815,Białogard,21
65,Aniela,Grabas,Fasowacz,Daleka 93,31-215,Ostróda,70
66,Krzysztof,Piejko,Konsultant,Porzeczkowa 27,36-757,Racibórz,36
67,Bartek,Bosek,Scenarzysta,Floriana 61,44-569,Zabrze,26
68,Oskar,Kajak,Kurier,Szmaragdowa 985,61-558,Cieszyn,32
69,Maciej,Przeniosło,Technik ochrony środowiska,Żeromskiego 083,88-605,Bartoszyce,70
70,Kamil,Posłuszny,Kuk,Nadbrzeżna 65,12-096,Zgierz,14
71,Bruno,Staniewicz,Inscenizator,Parkowa 78,42-133,Świebodzice,46
72,Grzegorz,Starostka,Archiwista,Tulipanowa 22,41-213,Rumia,88
73,Tola,Uryga,Sprzątacz,Myśliwska 61/57,91-546,Malbork,98
74,Konstanty,Rzeźniczak,Szczurołap,Wrocławska 727,57-945,Tomaszów Mazowiecki,100
75,Urszula,Matynia,Antykwariusz,Bursztynowa 08,07-451,Zabrze,108
76,Apolonia,Tołoczko,Projektant gier komputerowych,Rzeczna 65/04,01-472,Płock,51
77,Grzegorz,Hrabia,Kiper,Andersa 05,57-256,Kielce,68
78,Oliwier,Holc,Nauczyciel,Słowackiego 34,40-324,Ełk,123
79,Norbert,Bobko,Pośrednik ubezpieczeniowy,Strumykowa 107,92-723,Pruszcz Gdański,128
80,Dorota,Litwiniuk,Służący,Fredry 33/66,59-053,Zielona Góra,78
81,Julianna,Korbut,Doker,Borowa 445,89-346,Tczew,19
82,Oskar,Krakowczyk,Politolog,Krakowska 49/85,01-700,Biała Podlaska,109
83,Adam,Rurarz,Kuk,Górnicza 57,80-928,Nowy Dwór Mazowiecki,81
84,Ada,Kurpisz,Rybak,Wałowa 70/54,18-407,Siedlce,104
85,Konstanty,Twardy,Archiwista,Irysowa 63/51,37-701,Reda,109
86,Ignacy,Wielądek,Lekarz weterynarii,Jabłoniowa 769,25-910,Szczecinek,96
87,Ryszard,Torbus,Detektyw,Sikorskiego 469,44-920,Biłgoraj,58
88,Eliza,Wziątek,Technik weterynarii,Konarskiego 025,47-339,Lubliniec,17
89,Roksana,Trzop,Agronom,Mazurska 339,66-466,Kwidzyn,31
90,Tymon,Czuryło,Kurator sądowy,Konarskiego 942,99-751,Iława,37
91,Ernest,Igras,Hostessa,Brzozowa 609,35-054,Koło,26
92,Gaja,Niechciał,Drwal,Witosa 77,73-172,Mielec,134
93,Leonard,Walenciak,Dyrektor finansowy,Źródlana 15/48,94-013,Żary,86
94,Arkadiusz,Gozdur,Marynarz,Łąkowa 82/76,79-026,Będzin,125
95,Emil,Spychaj,Krojczy,Sokola 55/78,46-324,Gniezno,112
96,Marcelina,Bondaruk,Konferansjer,Narutowicza 20/71,55-717,Leszno,137
97,Łukasz,Rawa,Astronom,Skargi 75,01-128,Gorzów Wielkopolski,71
98,Justyna,Cieplucha,Agent celny,Górna 66/39,08-722,Piekary Śląskie,30
99,Aleks,Hinca,Listonosz,Stroma 66,58-891,Mikołów,128
100,Konstanty,Bluszcz,Technik mechanik,Średnia 22,74-378,Wieluń,51
101,Monika,Kinder,Żongler,Daleka 07/30,22-525,Dąbrowa Górnicza,122
102,Monika,Seidel,Palacz,Czereśniowa 36/44,09-250,Police,138
103,Malwina,Ciarka,Ebenista,Tartaczna 886,88-173,Mielec,62
104,Radosław,Cłapa,Ochroniarz,Kwiatowa 70/50,49-763,Nowy Targ,44
105,Emil,Ścibisz,Rzeczoznawca samochodowy,Działkowa 02/05,01-112,Wrocław,148
106,Ernest,Sadura,Redaktor,Grzybowa 683,26-683,Nowy Sącz,45
107,Rozalia,Zapora,Teksturator,Młynarska 70/71,68-533,Kędzierzyn-Koźle,39
108,Apolonia,Kubaczyk,Fasowacz,Piekarska 510,85-550,Toruń,38
109,Miłosz,Sobolak,Projektant gier komputerowych,Poznańska 92,30-341,Rzeszów,133
110,Mariusz,Trybała,Ebenista,Rajska 40/97,22-428,Tarnów,89
111,Lidia,Sierżant,Arborysta,Wojciecha 71/84,79-702,Płońsk,116
112,Stanisław,Zackiewicz,Nadleśniczy,Owocowa 21,74-588,Dąbrowa Górnicza,147
113,Alex,Skup,Salowa,Kolorowa 03/63,82-545,Świdnica,102
114,Grzegorz,Dąbal,Dżokej,Strażacka 321,54-572,Jarocin,19
115,Ernest,Stwora,Doradca podatkowy w Polsce,Wczasowa 21/22,91-564,Ostrołęka,48
116,Jeremi,Kukawka,Żongler,Hallera 95/87,83-089,Sosnowiec,96
117,Sonia,Banachowicz,Menedżer kultury,Sowia 000,76-918,Katowice,92
118,Oliwier,Litewka,Modelka dużych rozmiarów,Bukowa 137,56-392,Olkusz,97
119,Hubert,Milcarz,Handlarz,Nałkowskiej 77,86-713,Augustów,64
120,Wojciech,Matla,Salowa,Koralowa 82,17-939,Kościan,66
121,Kacper,Mateńko,Dżokej,Agrestowa 88,42-585,Kielce,101
122,Anita,Potoczna,Krojczy,Przemysłowa 902,25-108,Śrem,105
123,Franciszek,Fedak,Tłumacz literacki,Słowianska 826,03-903,Żory,135
124,Marcel,Wąsek,Hycel,Głowackiego 86,38-841,Lębork,22
125,Elżbieta,Pokusa,Arborysta,Zakole 95/69,63-693,Piaseczno,55
126,Marcel,Kolbusz,Służący,Mała 86/60,32-022,Oleśnica,93
127,Ada,Cebulak,Bibliotekarz,Majowa 537,01-282,Żary,22
128,Piotr,Ograbek,Trener personalny,Partyzantów 39,17-581,Świebodzice,123
129,Albert,Szałkiewicz,Architekt wnętrz,Kościuszki 08,19-966,Zgorzelec,121
130,Natasza,Waszczyk,Masztalerz,Rynek 58/98,64-202,Nowy Targ,135
131,Liwia,Banak,Technik budownictwa,Maczka 793,66-966,Malbork,37
132,Juliusz,Solich,Broker informacji,Ciasna 89,73-183,Zawiercie,101
133,Agnieszka,Kiepura,Teksturator,Azaliowa 31,03-002,Wieluń,100
134,Filip,Krysta,Pakowacz,Myśliwska 629,28-129,Tychy,77
135,Hubert,Kuryłowicz,Żongler,Kolorowa 844,73-588,Tarnobrzeg,90
136,Justyna,Kargol,Tokarz,Jaskółcza 74/14,70-992,Inowrocław,61
137,Mariusz,Cacko,Tłumacz przysięgły,Zacisze 28/02,98-671,Skawina,134
138,Tomasz,Kowalak,Rolnik,Nadbrzeżna 80/98,98-573,Bielsko-Biała,142
139,Szymon,Graj,Agent literacki,Jaśminowa 12/59,94-736,Kościerzyna,34
140,Ignacy,Jambor,Antykwariusz,Krokusowa 04/15,46-953,Zgierz,90
141,Cyprian,Krężołek,Rekwizytor,Morska 549,02-932,Inowrocław,69
142,Elżbieta,Przeklasa,Technik kelner,Sikorskiego 362,23-419,Radom,41
143,Hubert,Kość,Agent celny,Promienna 82/73,84-428,Jastrzębie-Zdrój,42
144,Emil,Stój,Dyplomata,Jaskółcza 69/34,47-342,Piotrków Trybunalski,104
145,Łukasz,Milej,Detektyw,Długosza 94/79,53-628,Ełk,28
146,Klara,Kopyt,Portier,Korfantego 63/74,07-030,Marki,22
147,Norbert,Kruszka,Artysta-rezydent,Pomorska 42/16,82-497,Wejherowo,16
148,Bartek,Żabierek,Architekt wnętrz,Spokojna 73/53,26-686,Koszalin,96
149,Nikodem,Ciężka,Audytor efektywności energetycznej,Osiedlowa 82,74-628,Łaziska Górne,137
150,Urszula,Składanek,Służący,Kilińskiego 234,34-037,Świętochłowice,16
151,Konrad,Ochał,Masztalerz,Częstochowska 246,21-046,Piekary Śląskie,58
152,Igor,Golonko,Makler nadzorujący,Jagodowa 99,59-556,Kętrzyn,137
153,Krzysztof,Jaroch,Pokojówka,Dworcowa 15,81-471,Głogów,74
154,Marek,Tylman,Motorniczy,Sarnia 414,51-589,Mikołów,51
155,Dagmara,Dułak,Modelka dużych rozmiarów,Bałtycka 27,89-094,Lębork,101
156,Tola,Zbroja,Palacz,Srebrna 54/27,76-236,Mielec,136
157,Stefan,Prucnal,Certyfikator energetyczny,Wolności 827,88-066,Ciechanów,93
158,Dagmara,Bałdys,Inżynier,Konarskiego 22,60-402,Tychy,27
159,Anastazja,Kapałka,Iluzjonista,Grunwaldzka 621,18-200,Marki,60
160,Stanisław,Bembenek,Rolnik,Turystyczna 979,49-873,Szczecinek,136
161,Gustaw,Krysik,Portier,Źródlana 45,79-696,Sochaczew,26
162,Leon,Bitner,Krojczy,Wierzbowa 03/09,75-188,Kłodzko,32
163,Agnieszka,Różak,Rzeczoznawca budowlany,Makowa 39/62,92-711,Koło,68
164,Piotr,Boduch,Rekwizytor,Wiklinowa 66/75,46-183,Łódź,132
165,Anita,Habdas,Detektyw,Rzemieślnicza 61/68,97-972,Wodzisław Śląski,40
166,Ryszard,Malcher,Strażak,Boczna 591,78-925,Szczecinek,23
167,Przemysław,Giec,Pośrednik w obrocie nieruchomościami,Sawickiej 58,84-388,Piła,29
168,Karina,Miękus,Sufler,Cedrowa 50/83,46-989,Skierniewice,43
169,Kazimierz,Jędrak,Liczmen,Niepodległości 00,00-414,Cieszyn,38
170,Justyna,Szkopek,Rachmistrz,Łabędzia 82/80,40-327,Czeladź,106
171,Aniela,Nazar,Kupiec,Kochanowskiego 450,22-613,Elbląg,116
172,Eliza,Rubaj,Przewodnik turystyczny,Kaliska 74/81,67-776,Kościerzyna,105
173,Sandra,Kolendo,Hycel,Ogrodowa 55,15-143,Zgierz,134
174,Igor,Siatka,Sprzątacz,Szmaragdowa 68/45,01-376,Wejherowo,149
175,Inga,Czerniakiewicz,Syndyk licencjonowany,Staszica 43,49-517,Zakopane,109
176,Marianna,Krzysztoszek,Agent literacki,Hallera 24/49,85-690,Koło,146
177,Iwo,Łasica,Dyrektor artystyczny,Cisowa 42/93,92-404,Dębica,56
178,Dariusz,Andziak,Sprzątacz,Okrzei 024,71-185,Starachowice,21
179,Ewa,Słaba,Pokojówka,Miłosza 30/83,03-320,Piaseczno,22
180,Fabian,Ubysz,Pośrednik ubezpieczeniowy,Piwna 30/46,99-660,Ostrowiec Świętokrzyski,111
181,Dominik,Gubernat,Konsjerż,Kochanowskiego 960,60-124,Tarnów,52
182,Błażej,Kliszcz,Kierowca,Baczynskiego 00,72-396,Kościerzyna,24
183,Fryderyk,Anioła,Makler morski,Poniatowskiego 873,96-712,Piła,106
184,Mieszko,Wielgos,Ratownik przedmedyczny,Szeroka 696,46-274,Siedlce,66
185,Igor,Kościuszko,Doradca inwestycyjny,Kossaka 33/88,30-090,Kluczbork,138
186,Ida,Kubrak,Pakowacz,Piłsudskiego 23/96,42-972,Koszalin,19
187,Rafał,Śliż,Kawiarka,Działkowa 01/91,95-404,Kościerzyna,124
188,Borys,Teper,Marketingowiec,Podwale 386,93-254,Sochaczew,149
189,Mieszko,Jezior,Lekarz weterynarii,Wróblewskiego 99,72-811,Biała Podlaska,78
190,Tomasz,Ziniewicz,Kurier,Morska 806,32-004,Żary,63
191,Mikołaj,Rzońca,Modelka dużych rozmiarów,Pomorska 75/61,36-277,Piekary Śląskie,48
192,Dorota,Gogacz,Makler papierów wartościowych,Towarowa 34,02-396,Kraków,57
193,Maciej,Pianka,Prezenter,Kossaka 419,79-961,Żary,35
194,Dariusz,Zięcik,Inżynier,Rybacka 29,66-433,Starachowice,60
195,Sandra,Ludwin,Technik mechanik,Brzechwy 777,09-709,Wejherowo,88
196,Klara,Klyta,Klechdarz,Kochanowskiego 47,79-450,Leszno,24
197,Kornelia,Fogt,Kasjer biletowy,Koralowa 692,91-490,Słupsk,34
198,Anita,Kostorz,Broker informacji,Cmentarna 91,87-018,Kościan,75
199,Alex,Byzdra,Finansista,Górna 96,03-960,Siemianowice Śląskie,33
200,Dominik,Malcher,Technik budownictwa,Jadwigi 47/18,97-856,Łuków,127
201,Jacek,Karczmarek,Służący,Towarowa 16/78,00-730,Bielsko-Biała,96
202,Mateusz,Maciejuk,Likwidator szkód,Świerczewskiego 65,03-833,Gdynia,110
203,Olaf,Matacz,Drwal,Sybiraków 55/06,85-948,Września,25
204,Witold,Szarzec,Drwal,Stroma 334,19-822,Wołomin,67
205,Rozalia,Ledzion,Likwidator szkód,Zaułek 77/73,45-350,Sosnowiec,83
206,Norbert,Brózda,Księgowy,Bukowa 60,90-391,Police,90
207,Adrianna,Rejmak,Doker,Morelowa 55,40-260,Czechowice-Dziedzice,75
208,Aurelia,Ambrożewicz,Kosmonauta,Świerczewskiego 73/40,70-257,Goleniów,27
209,Gustaw,Owsiany,Sztygar,Żytnia 41,78-119,Rzeszów,139
210,Julian,Patoła,Charakteryzator,Wrocławska 61,47-251,Łomża,116
211,Ewelina,Snoch,Księgowy,Traugutta 475,92-278,Czerwionka-Leszczyny,103
212,Aniela,Bulczak,Agent firmy inwestycyjnej,Lawendowa 80,83-247,Pruszcz Gdański,120
213,Mikołaj,Powązka,Urbanista,Chmielna 065,93-028,Zambrów,36
214,Witold,Gołek,Projektant gier komputerowych,Ceglana 422,45-885,Zambrów,65
215,Aleksander,Ciołczyk,Kawiarka,Bukowa 93,26-829,Gdańsk,95
216,Nicole,Romankiewicz,Model,Łabędzia 620,62-352,Jawor,134
217,Bartek,Irla,Nauczyciel akademicki,Radosna 06/73,93-295,Piła,80
218,Dorota,Łachacz,Technik nawigator morski,Sawickiej 63/39,66-403,Starogard Gdański,143
219,Kazimierz,Fechner,Niania,Wiatraczna 061,22-279,Lębork,132
220,Anita,Szulist,Kelner,Popiełuszki 72/31,37-269,Wejherowo,140
221,Bartek,Lemanowicz,Szlifierz,Jesienna 770,95-874,Przemyśl,29
222,Malwina,Rogal,Arborysta,Ciasna 95,94-289,Otwock,28
223,Cyprian,Tatarczuk,Ekwilibrystyka,Poznańska 04/34,03-232,Świecie,95
224,Dariusz,Żbik,Kierowca,Ściegiennego 79/94,23-747,Dąbrowa Górnicza,106
225,Sonia,Skierka,Barman,Żwirowa 46/21,75-812,Wyszków,94
226,Iwo,Ulewicz,Fotoreporter,Dolna 312,04-020,Gdańsk,134
227,Maksymilian,Łyczak,Kosztorysant,Północna 633,24-178,Bochnia,95
228,Tymon,Majorczyk,Dziennikarz,Bydgoska 75/65,38-160,Stargard Szczeciński,66
229,Gaja,Siwka,Technik handlowiec,Rybacka 463,56-879,Marki,41
230,Anita,Buszta,Rzecznik prasowy,Jana Pawła II 25/66,01-770,Bielawa,86
231,Dariusz,Irzyk,Tłumacz przysięgły,Słonecznikowa 41/35,06-204,Bielsk Podlaski,27
232,Tymon,Bas,Dyrektor artystyczny,Wojciecha 88/24,39-850,Oświęcim,14
233,Mariusz,Kapciak,Polityk,Kochanowskiego 409,36-673,Świebodzice,119
234,Tymon,Sąsiadek,Dyrektor artystyczny,Żeglarska 92/42,01-863,Grudziądz,51
235,Nataniel,Oleksiuk,Strażak,Klasztorna 99/34,67-195,Gdynia,124
236,Anna Maria,Plewnia,Trener personalny,Magnoliowa 03/45,28-192,Słupsk,76
237,Kalina,Kara,Projektant gier komputerowych,Krótka 57/65,71-834,Rzeszów,88
238,Jerzy,Swaczyna,Redaktor naukowy,Nadrzeczna 72/02,18-607,Skierniewice,101
239,Cyprian,Szumiec,Bankowiec,Kołłątaja 72/74,77-193,Kluczbork,19
240,Dagmara,Bancerz,Dubler,Baczynskiego 596,24-201,Gliwice,77
241,Fabian,Surdel,Ekwilibrystyka,Kołłątaja 88/18,27-766,Jaworzno,86
242,Angelika,Komisarczyk,Satyryk,Jagodowa 83,06-244,Polkowice,138
243,Dagmara,Frączkiewicz,Audytor efektywności energetycznej,Jodłowa 29,27-749,Jastrzębie-Zdrój,75
244,Tola,Folta,Terapeuta,Sokola 12,15-623,Tychy,50
245,Adrian,Zadworny,Ochroniarz,Gałczynskiego 89/81,98-382,Włocławek,75
246,Radosław,Kajdan,Ochroniarz,Szeroka 75/34,96-176,Środa Wielkopolska,117
247,Nicole,Durma,Arborysta,Maczka 99,40-909,Starachowice,68
248,Monika,Janiszek,Nauczyciel,Nadrzeczna 81/88,22-930,Przemyśl,146
249,Marcelina,Budzich,Archiwista,Dworska 43,36-917,Przemyśl,127
250,Marek,Smorąg,Poganiacz,Podleśna 53/88,49-628,Zduńska Wola,129
251,Kaja,Żok,Technik weterynarii,Orzechowa 13/88,57-559,Biłgoraj,124
252,Stanisław,Burkiewicz,Tokarz,Odrzańska 14,13-751,Białogard,129
253,Artur,Pagacz,Kosmonauta,Krucza 05,42-789,Knurów,108
254,Fryderyk,Kosiak,Tokarz,Sportowa 663,99-948,Sandomierz,100
255,Wojciech,Siciarz,Satyryk,Jaśminowa 96/44,68-003,Nowy Sącz,21
256,Adam,Koczara,Szatniarz,Urocza 32/04,00-059,Gliwice,131
257,Piotr,Polasik,Przedstawiciel handlowy,Poznańska 527,02-351,Knurów,51
258,Nela,Kretek,Konsultant,Rzemieślnicza 03,00-184,Zgierz,21
259,Tobiasz,Gąsienica,Redaktor naukowy,Żurawia 30/81,13-116,Dębica,16
260,Olgierd,Marat,Archiwista,Poniatowskiego 40/59,02-496,Czechowice-Dziedzice,103
261,Dariusz,Proć,Rzeczoznawca budowlany,Młyńska 70/57,08-905,Rzeszów,121
262,Gabriel,Jaśko,Nauczyciel akademicki,Kasztanowa 76/13,85-325,Opole,67
263,Karina,Wandas,Doradca ubezpieczeniowy,Krańcowa 37,06-863,Żywiec,18
264,Norbert,Jaszczur,Pucybut,Morelowa 25,73-747,Kędzierzyn-Koźle,88
265,Jan,Leśny,Żongler,Łabędzia 50,35-018,Świecie,52
266,Janina,Labocha,Kawiarka,Kościuszki 67,39-798,Kętrzyn,91
267,Ryszard,Wawrzyńczyk,Kuk,Hallera 723,23-297,Świętochłowice,44
268,Tobiasz,Wasil,Biegły rewident,Piękna 54,13-661,Legionowo,102
269,Michał,Tomaszuk,Bibliotekarz dyplomowany,Tartaczna 95,66-916,Bytom,77
270,Patryk,Kalisiak,Politolog,Miłosza 16/18,05-995,Świnoujście,84
271,Damian,Minta,Scenograf,Czereśniowa 52,36-389,Lubartów,123
272,Franciszek,Lisoń,Reporter wojenny,Ciasna 892,92-177,Świętochłowice,88
273,Maks,Pastuła,Animator kultury,Północna 16/98,28-617,Przemyśl,141
274,Agnieszka,Smolorz,Ekonomista,Północna 990,28-755,Skawina,102
275,Sara,Chwedczuk,Technik technologii drewna,Plażowa 345,22-219,Kraków,54
276,Michał,Dziadowicz,Detektyw,Ogrodowa 045,85-507,Rzeszów,118
277,Norbert,Domian,Krupier,Lubelska 302,71-456,Suwałki,93
278,Dominik,Przewoźny,Technik nawigator morski,Letnia 60/83,72-966,Koszalin,144
279,Bianka,Szkoła,Bibliotekarz,Długosza 069,73-111,Łuków,18
280,Janina,Jachimczyk,Rzeczoznawca majątkowy,Błękitna 158,47-339,Kwidzyn,122
281,Apolonia,Nóżka,Broker ubezpieczeniowy,Konstytucji 3 Maja 834,15-319,Sieradz,116
282,Jędrzej,Mydlak,Barman,Częstochowska 34/84,42-942,Ciechanów,59
283,Justyna,Klyszcz,Makler giełd towarowych,Daszyńskiego 45,52-983,Września,68
284,Fryderyk,Kuświk,Ekonomista,Rajska 98/81,64-783,Płońsk,146
285,Leon,Bubel,Marketingowiec,Grunwaldzka 385,82-397,Tarnowskie Góry,78
286,Adam,Makurat,Agent celny,Chmielna 858,94-009,Łódź,58
287,Artur,Pochopień,Technik budownictwa,Klasztorna 177,45-257,Żywiec,110
288,Tobiasz,Pułka,Agent celny,Jagiellońska 626,48-136,Wałcz,23
289,Karina,Korgul,Animator kultury,Dolna 966,93-129,Żyrardów,129
290,Oliwier,Rabiej,Liczmen,Opolska 389,91-389,Stalowa Wola,83
291,Maks,Sito,Tokarz,Polna 03/62,39-679,Radom,83
292,Sylwia,Dziurdzia,Koniarze,Wyzwolenia 93,33-624,Czechowice-Dziedzice,122
293,Józef,Kucharzyk,Kontroler biletów,Pułaskiego 861,97-853,Pruszków,137
294,Dagmara,Kuliberda,Ergonomista,Rynek 13,59-602,Reda,20
295,Dawid,Molka,Leśniczy,Działkowa 01/85,34-585,Kraków,104
296,Igor,Pałgan,Zoopsycholog,Swierkowa 894,92-762,Warszawa,71
297,Sara,Hendzel,Instruktor,Niepodległości 56/72,30-017,Siemianowice Śląskie,91
298,Marianna,Beker,Kowboj,Wąska 360,37-654,Sanok,28
299,Maksymilian,Krzyśko,Aktor dziecięcy,Jodłowa 67,88-602,Oleśnica,86
300,Jeremi,Smal,Technik kelner,Starowiejska 68,26-648,Jarosław,14
301,Przemysław,Lichoń,Teksturator,Akacjowa 63/26,52-639,Chorzów,104
302,Leonard,Kozłowicz,Scenograf,Daleka 89/27,10-502,Oświęcim,73
303,Róża,Ciesielczyk,Hutnik,Konarskiego 25/43,33-662,Sandomierz,68
304,Konstanty,Dering,Tłumacz literacki,Paderewskiego 123,13-052,Żyrardów,88
305,Marek,Kamyszek,Robotnik,Wyspiańskiego 428,62-905,Radom,27
306,Olaf,Rejmak,Tłumacz literacki,Wolności 51/61,35-112,Łaziska Górne,54
307,Kaja,Czajor,Biegły rewident,Wieniawskiego 83/78,22-867,Krotoszyn,118
308,Anna Maria,Grab,Kornak,Daszyńskiego 981,34-126,Piotrków Trybunalski,144
309,Liwia,Sornat,Kiper,Diamentowa 838,24-880,Świdnik,66
310,Julita,Parafiniuk,Trener personalny,Glówna 306,25-859,Płock,122
311,Sylwia,Grab,Teksturator,Drzymały 99/84,98-079,Ełk,60
312,Tobiasz,Jacak,Listonosz,Bursztynowa 88/85,46-430,Sosnowiec,50
313,Tobiasz,Nasiadka,Audytor efektywności energetycznej,Kowalska 420,65-551,Nowa Ruda,81
314,Jan,Hałka,Likwidator szkód,Rataja 07,51-160,Gdynia,116
315,Antoni,Zębik,Motorniczy,Źródlana 30/68,00-035,Jelenia Góra,49
316,Tymon,Koćwin,Aktor,Sybiraków 26,43-921,Olkusz,17
317,Kalina,Szuta,Pokojówka,Działkowa 89/63,18-156,Luboń,48
318,Róża,Wojcik,Scenarzysta,Baczynskiego 11/50,92-051,Białystok,141
319,Kaja,Bociek,Technik nawigator morski,Parkowa 202,54-927,Czeladź,111
320,Juliusz,Kusztal,Hycel,Chabrowa 82/14,69-073,Sochaczew,146
321,Robert,Radke,Kontroler biletów,Swierkowa 90/30,24-503,Turek,102
322,Dawid,Jonak,Kelner,Korfantego 832,07-903,Tarnobrzeg,66
323,Adrianna,Madajczyk,Rybak,Konstytucji 3 Maja 94,08-841,Chojnice,104
324,Nataniel,Feret,Psiarz,Poprzeczna 38/28,38-450,Siedlce,108
325,Konstanty,Szajna,Ksiądz,Żwirki i Wigury 543,94-156,Wrocław,37
326,Aleks,Dudkowiak,Konferansjer,Pocztowa 22/01,61-536,Stalowa Wola,133
327,Piotr,Zaguła,Agent literacki,Koralowa 999,08-470,Zduńska Wola,83
328,Dawid,Pitala,Dyrektor artystyczny,Żurawia 45/47,91-989,Siedlce,136
329,Julianna,Mulawa,Pakowacz,Jarzębinowa 08/36,29-332,Świdnica,120
330,Kornel,Lenc,Ergonomista,Gałczynskiego 24,75-642,Lubin,25
331,Melania,Strzała,Palacz,Wodna 506,89-048,Ostrów Wielkopolski,125
332,Piotr,Łukasz,Kosmonauta,Dolna 75,92-786,Starogard Gdański,96
333,Konstanty,Wołoszyk,Babcia klozetowa,Lotnicza 30/59,99-333,Czechowice-Dziedzice,145
334,Leonard,Milka,Ksiądz,Konopnickiej 31,79-756,Oleśnica,114
335,Patryk,Żelasko,Zarządca nieruchomości,Andersa 13,81-288,Piotrków Trybunalski,50
336,Janina,Kurnik,Detektyw,Glówna 851,75-872,Mysłowice,87
337,Ewa,Wiszowaty,Technik budownictwa,Miodowa 151,08-300,Zambrów,119
338,Józef,Dworniczak,Integrator automatyki,Chmielna 66/84,59-555,Bydgoszcz,54
339,Jan,Sadlak,Konserwator zabytków,Fabryczna 94/73,43-868,Knurów,29
340,Marcel,Kolanko,Lekarz weterynarii,Broniewskiego 60,42-001,Gdynia,69
341,Julita,Jeszka,Doradca ubezpieczeniowy,Truskawkowa 82/94,04-513,Koło,117
342,Bartek,Augustynek,Technik mechanik,Okrzei 290,04-624,Szczecin,107
343,Kazimierz,Koziatek,Ekwilibrystyka,Łączna 45/04,55-980,Gorlice,65
344,Mieszko,Burchardt,Rzeczoznawca majątkowy,Zakole 92,16-397,Olkusz,28
345,Leon,Ambrożewicz,Dubler,Sokola 62/84,29-526,Piekary Śląskie,91
346,Maciej,Bruś,Syndyk,Storczykowa 867,22-012,Mińsk Mazowiecki,77
347,Dagmara,Gruza,Rzeczoznawca majątkowy,Okulickiego 08,78-664,Grodzisk Mazowiecki,87
348,Marcel,Kieloch,Finansista,Szarych Szeregów 42,08-392,Otwock,147
349,Ryszard,Gierach,Reżyser,Robotnicza 26/38,16-640,Kluczbork,78
350,Julianna,Płaneta,Menedżer kultury,Słonecznikowa 81,17-667,Kutno,112
351,Maksymilian,Działa,Konserwator zabytków,Środkowa 373,03-014,Głogów,22
352,Konrad,Wawak,Technik elektronik,Grottgera 16/71,40-222,Żyrardów,109
353,Rozalia,Orszulik,Model,Łabędzia 94/78,28-572,Kraków,32
354,Radosław,Drobnik,Elektromonter pomiarów,Olchowa 72,35-559,Lubliniec,127
355,Angelika,Ambrozik,Projektant gier komputerowych,Poziomkowa 218,38-368,Piekary Śląskie,98
356,Emil,Żmija,Satyryk,Dolna 74,72-168,Ostrołęka,110
357,Błażej,Pikula,Technik mechanik,Polna 811,82-086,Lubartów,81
358,Leon,Ptok,Broker informacji,Wiślana 21/66,56-876,Głogów,84
359,Dagmara,Przeniosło,Trener personalny,Owocowa 71/57,48-179,Kłodzko,147
360,Julianna,Pachla,Pośrednik finansowy,Wiązowa 951,47-450,Piła,133
361,Adrian,Sudak,Kosmonauta,Dąbrowskiej 54,55-320,Jaworzno,60
362,Ernest,Karpiak,Pośrednik w obrocie nieruchomościami,Zachodnia 878,47-861,Wrocław,23
363,Paweł,Lew,Sufler,Wojciecha 778,06-308,Siemianowice Śląskie,147
364,Filip,Wiak,Trener personalny,Sowia 445,56-119,Słupsk,41
365,Karina,Jodko,Kostiumograf,Perłowa 120,62-647,Pszczyna,49
366,Arkadiusz,Raźniak,Ksiądz,Polna 37/66,62-481,Piła,116
367,Adam,Ćwirko,Inżynier budownictwa,Działkowa 50/55,55-485,Piła,80
368,Kamil,Koral,Księgowy,Bałtycka 49,37-740,Wałcz,82
369,Jeremi,Preuss,Fotoreporter,Lisia 62,19-651,Zielona Góra,72
370,Agnieszka,Paluszak,Supermodelka,Niecała 818,21-295,Zgorzelec,82
371,Eliza,Zimmer,Strażak,Osiedlowa 35/57,47-977,Elbląg,20
372,Ernest,Szambelan,Dubler,Fiołkowa 22/65,96-502,Pruszcz Gdański,33
373,Konrad,Bernatek,Ebenista,Osiedlowa 67/71,83-982,Będzin,40
374,Grzegorz,Bryja,Oceanonauta,Śląska 879,83-633,Wałcz,148
375,Łukasz,Kałwak,Pracownik socjalny,Nadrzeczna 63/63,01-049,Chojnice,130
376,Gustaw,Rezmer,Technik nawigator morski,Myśliwska 86,72-100,Żory,119
377,Maksymilian,Głuszko,Technik nawigator morski,Osiedlowa 85,71-286,Reda,33
378,Sebastian,Sycz,Urbanista,Śląska 063,92-888,Turek,48
379,Mieszko,Brzykcy,Arborysta,Kielecka 85/26,55-448,Wieluń,62
380,Eryk,Mierzwiak,Modelka dużych rozmiarów,Kamienna 06,47-944,Czechowice-Dziedzice,147
381,Julian,Sąsiadek,Rachmistrz,Wiślana 808,13-155,Siemianowice Śląskie,121
382,Marcin,Zawal,Agent celny,Jeżynowa 00/28,89-030,Świdnica,19
383,Karol,Michnowicz,Archeolog,Brzechwy 601,74-414,Nysa,59
384,Olaf,Ziajka,Meteorolog,Wiśniowa 47/15,64-788,Kościerzyna,34
385,Maks,Borejko,Pokojówka,Willowa 859,96-448,Bolesławiec,77
386,Tymon,Sass,Architekt krajobrazu,Robotnicza 240,11-766,Czechowice-Dziedzice,123
387,Melania,Kiryluk,Psycholog,Chopina 19,65-613,Zduńska Wola,61
388,Anita,Szabla,Agent celny,Cisowa 83/01,48-633,Skierniewice,98
389,Ewa,Ułanowicz,Inżynier budownictwa,Wojciecha 53/63,12-784,Świnoujście,62
390,Tola,Bryda,Fasowacz,Powstańców Wielkopolskich 558,83-678,Tarnobrzeg,61
391,Konrad,Szybiak,Drwal,Działkowa 78/80,93-174,Łuków,102
392,Piotr,Karwala,Detektyw,Jana 033,08-457,Świecie,129
393,Marcin,Zdobylak,Finansista,Jagodowa 11/45,05-728,Krosno,140
394,Róża,Chruszcz,Brakarz,Północna 219,90-653,Koszalin,104
395,Kajetan,Franc,Babcia klozetowa,Jaworowa 30,45-019,Otwock,27
396,Liwia,Żelazek,Trener personalny,Częstochowska 902,66-339,Gorlice,68
397,Kacper,Janoszka,Modelka dużych rozmiarów,Krucza 81,16-017,Kielce,104
398,Sebastian,Duczmal,Technik elektronik,Wałowa 02,64-171,Zgorzelec,148
399,Mieszko,Mamcarz,Deweloper budowlany,Okrężna 90/66,09-931,Sochaczew,77
400,Norbert,Sus,Sztygar,Browarna 87,89-749,Oleśnica,31
401,Marek,Chojna,Kawalkator,Krucza 605,01-993,Wołomin,96
402,Miłosz,Sobków,Podleśniczy,Poznańska 11/63,52-730,Chrzanów,84
403,Rafał,Wawrzyn,Kontroler biletów,Jeziorna 61,99-770,Gliwice,130
404,Borys,Janczarek,Technik mechanik lotniczy,Witosa 87/15,25-753,Ostrów Mazowiecka,18
405,Józef,Ruchała,Kurator sądowy,Cyprysowa 08/06,24-895,Ełk,98
406,Dawid,Wawrzynowicz,Marketingowiec,Sarnia 271,85-085,Wrocław,29
407,Dawid,Filus,Menedżer kultury,Wojciecha 249,81-010,Ostrowiec Świętokrzyski,142
408,Alan,Kempny,Hydraulik,Dąbrowskiego 55/58,68-473,Konin,48
409,Angelika,Bełza,Konserwator zabytków,Żwirki i Wigury 14,87-106,Knurów,76
410,Marek,Lewko,Ankieter,Truskawkowa 12,66-886,Piastów,44
411,Aniela,Mateńko,Hydraulik,Krótka 40,13-428,Oława,18
412,Kornelia,Graboś,Technik technologii drewna,Drzymały 905,47-175,Kluczbork,70
413,Alex,Siarkiewicz,Technik handlowiec,Piaskowa 207,63-357,Zielona Góra,62
414,Jakub,Darłak,Pisarz,Rubinowa 20,96-691,Lębork,58
415,Monika,Władyka,Redaktor merytoryczny,Długa 94,70-897,Polkowice,121
416,Gustaw,Janasz,Instruktor,Letnia 518,12-994,Jastrzębie-Zdrój,86
417,Paweł,Kamyk,Broker informacji,Zbożowa 43,57-994,Tarnów,98
418,Stanisław,Kryszkiewicz,Makler papierów wartościowych,Toruńska 687,40-378,Nowy Sącz,149
419,Robert,Bekus,Marynarz,Podgórna 134,68-576,Zielona Góra,120
420,Dagmara,Ropiak,Ratownik,Lotnicza 059,45-696,Kluczbork,110
421,Fryderyk,Ulrych,Technik mechanik lotniczy,Miła 52/05,17-853,Krosno,37
422,Olaf,Górkiewicz,Bibliotekarz dyplomowany,Lwowska 92,68-795,Cieszyn,104
423,Filip,Tomaszuk,Syndyk,Fabryczna 615,36-709,Ciechanów,86
424,Anna Maria,Mik,Sztygar,Norwida 884,34-484,Biała Podlaska,32
425,Anita,Pompa,Psycholog,Powstańców Wielkopolskich 54,18-573,Ostróda,55
426,Nicole,Masny,Scenarzysta,Krańcowa 73,18-574,Kętrzyn,96
427,Elżbieta,Bacik,Dyrektor finansowy,Lisia 587,36-159,Wołomin,130
428,Blanka,Matulka,Inżynier,Kowalska 36,85-491,Kwidzyn,46
429,Anastazja,Kwasek,Leśniczy,Kościelna 995,70-987,Kielce,51
430,Elżbieta,Zemanek,Audytor efektywności energetycznej,Podgórna 93/41,92-284,Żagań,118
431,Dawid,Michalkiewicz,Satyryk,Kreta 22,51-195,Siemianowice Śląskie,44
432,Marek,Grund,Liczmen,Władysława Jagiełły 60/15,00-351,Nowa Sól,46
433,Mariusz,Pilarek,Tłumacz,Kaszubska 17,85-646,Grodzisk Mazowiecki,98
434,Ryszard,Deptuch,Poganiacz,Kazimierza Wielkiego 67/67,29-856,Kłodzko,53
435,Miłosz,Jałowiec,Inscenizator,Diamentowa 57,05-315,Gdynia,96
436,Sylwia,Drela,Broker ubezpieczeniowy,Andersa 94/36,16-020,Suwałki,128
437,Albert,Kloska,Pośrednik finansowy,Sawickiej 136,16-671,Bochnia,58
438,Alex,Ciuruś,Aktor,Władysława Łokietka 77/49,09-893,Gorzów Wielkopolski,88
439,Kornelia,Hałat,Agent literacki,Szczęśliwa 284,79-728,Łomża,148
440,Bruno,Burchardt,Klechdarz,Krzywa 97/36,61-873,Ostrołęka,79
441,Jacek,Banachowicz,Makler nadzorujący,Kościelna 02/23,39-860,Radomsko,110
442,Igor,Smektała,Sztygar,Kościelna 88,75-464,Nowy Targ,77
443,Klara,Tabiś,Przedstawiciel handlowy,Urocza 661,32-550,Ciechanów,43
444,Kamil,Sztuba,Marketingowiec,Tysiąclecia 20/19,13-179,Wałcz,69
445,Arkadiusz,Zdancewicz,Sztygar,Krasickiego 89,17-037,Żywiec,45
446,Leon,Hałat,Przewodnik turystyczny,Poprzeczna 75/37,84-019,Elbląg,100
447,Bruno,Magier,Geolog,Toruńska 61/04,04-404,Puławy,125
448,Kornelia,Ładziak,Pisarz,Rajska 03/57,79-379,Świętochłowice,38
449,Emil,Kiciak,Kowboj,Cyprysowa 83,03-608,Sosnowiec,62
450,Karol,Maculewicz,Rzeczoznawca budowlany,Władysława Łokietka 416,26-021,Czerwionka-Leszczyny,144
451,Błażej,Gąbka,Barista,Wrocławska 10/39,26-675,Łódź,97
452,Ida,Krauza,Konstruktor,Łanowa 76/80,99-256,Wałbrzych,39
453,Julian,Miksza,Rzeczoznawca samochodowy,Sowia 42,94-333,Nowa Sól,14
454,Antoni,Nalewajek,Rzeczoznawca budowlany,Leszczynowa 53,36-972,Dąbrowa Górnicza,68
455,Kornel,Kózka,Intendent,Krasińskiego 99,64-975,Grudziądz,147
456,Szymon,Gamoń,Grabarz,Kaszubska 560,68-145,Poznań,59
457,Eliza,Burchardt,Sufler,Kilińskiego 563,25-769,Będzin,95
458,Kornel,Żakiewicz,Scenarzysta,Cedrowa 49,95-816,Wołomin,95
459,Urszula,Starościak,Pracownicy uczelni w Polsce,Sowia 40,01-560,Racibórz,62
460,Kajetan,Duszczyk,Zoopsycholog,Pułaskiego 54,62-863,Bytom,99
461,Wiktor,Szczepaniec,Przewodnik turystyczny,Jodłowa 80,28-684,Krotoszyn,27
462,Eliza,Steckiewicz,Certyfikator energetyczny,Złota 133,95-588,Legionowo,107
463,Olga,Świerszcz,Rachmistrz,Browarna 679,08-371,Ciechanów,56
464,Olga,Reichel,Redaktor techniczny,Chabrowa 57/62,56-334,Marki,85
465,Błażej,Ziniewicz,Redaktor,Paderewskiego 36,51-887,Bytom,90
466,Marianna,Smutek,Dubler,Stroma 58,42-434,Łaziska Górne,146
467,Maks,Potok,Konsjerż,Sokola 40/39,26-062,Kętrzyn,140
468,Ewa,Wawrzyk,Łącznik,Żeromskiego 87,25-520,Koło,119
469,Sylwia,Tadla,Artysta-rezydent,Jagiellońska 16,51-407,Wodzisław Śląski,53
470,Ewa,Mazepa,Robotnik,Konopnickiej 16,85-701,Lębork,123
471,Karol,Pęksa,Rzecznik prasowy,Czarnieckiego 963,92-088,Bielsko-Biała,98
472,Hubert,Duczmal,Handlarz,Staffa 10,19-041,Sopot,125
473,Patryk,Szołtysik,Architekt krajobrazu,Krótka 85,27-612,Ostrów Mazowiecka,112
474,Anastazja,Pałyga,Arborysta,Makuszyńskiego 16/39,81-261,Wejherowo,135
475,Sebastian,Strzępek,Animator kultury,Kosynierów 98/33,01-263,Leszno,114
476,Anita,Komander,Architekt wnętrz,Rejtana 184,19-844,Ostrowiec Świętokrzyski,30
477,Eliza,Konstanty,Krupier,Kolorowa 902,78-971,Lębork,19
478,Justyna,Łyczak,Barista,Poprzeczna 425,33-911,Wągrowiec,133
479,Juliusz,Wódka,Lalkarz,Dworska 157,49-955,Szczecin,16
480,Oliwier,Lelito,Animator kultury,Lwowska 80,13-409,Inowrocław,95
481,Mariusz,Glegoła,Konferansjer,Sokola 30/26,25-021,Lublin,37
482,Wiktor,Tatarczuk,Pracownik socjalny,Bydgoska 749,20-987,Skierniewice,21
483,Kalina,Pesta,Detektyw,Bukowa 654,34-395,Olsztyn,17
484,Malwina,Sędek,Doradca inwestycyjny,Norwida 97/29,43-028,Łaziska Górne,147
485,Daniel,Gronkiewicz,Astronom,Kilińskiego 46/75,22-590,Biała Podlaska,79
486,Mikołaj,Nowotny,Aktor głosowy,Graniczna 008,34-533,Leszno,80
487,Gustaw,Bakiera,Plastyk,Narcyzowa 29/74,79-420,Augustów,71
488,Marcelina,Bidas,Agent firmy inwestycyjnej,Piwna 02/46,16-910,Sochaczew,70
489,Adrianna,Hajdas,Kurier,Szmaragdowa 73/68,81-746,Słupsk,33
490,Mariusz,Pilich,Szlifierz,Morelowa 60,12-718,Elbląg,117
491,Dariusz,Zontek,Modelka dużych rozmiarów,Wypoczynkowa 43,86-734,Jarosław,42
492,Paweł,Greszta,Kelner,Średnia 78/90,98-009,Żyrardów,96
493,Adrian,Dybał,Kurator sztuki,Skłodowskiej-Curie 71,02-983,Nysa,15
494,Aurelia,Sass,Astronom,Podgórna 18/24,39-300,Ostrowiec Świętokrzyski,42
495,Marcelina,Buza,Trener,Lotnicza 521,15-571,Tczew,23
496,Jacek,Sztuczka,Certyfikator energetyczny,Pogodna 21,25-823,Sosnowiec,48
497,Bruno,Matyjasek,Aktor dziecięcy,Lubelska 93,95-503,Przemyśl,139
498,Marcel,Borejko,Rachmistrz,Nałkowskiej 232,76-232,Piła,68
499,Kajetan,Bors,Teksturator,Brzechwy 60,11-724,Malbork,97
500,Stefan,Śmieja,Certyfikator energetyczny,Kolonia 84,26-102,Żywiec,99
501,Kajetan,Wlazły,Kurier rowerowy,Zacisze 428,44-719,Zgierz,44
502,Nataniel,Smagacz,Naukowiec,Wiatraczna 527,43-188,Skarżysko-Kamienna,35
503,Konstanty,Topa,Politolog,Graniczna 55,08-915,Wągrowiec,85
504,Gabriel,Mortka,Animator kultury,Wiślana 76/91,44-060,Białystok,66
505,Marcel,Stasica,Kierowca,Rybacka 996,97-589,Ząbki,136
506,Maks,Gordon,Urbanista,Skrajna 26,83-399,Lubartów,104
507,Julian,Kaja,Sprzedawca,Łanowa 676,19-899,Chrzanów,45
508,Kamila,Linek,Likwidator szkód,Glówna 45,00-475,Kielce,15
509,Ignacy,Szwaj,Supermodelka,Szewska 49/29,01-354,Knurów,80
510,Józef,Olas,Kiper,Willowa 889,99-910,Świecie,149
511,Dominik,Panuś,Palacz,Bałtycka 65/38,50-862,Lubartów,98
512,Anastazja,Janasz,Aktor dziecięcy,Szczęśliwa 493,24-110,Konin,36
513,Robert,Dyda,Księgowy,Szafirowa 657,19-271,Wałcz,112
514,Józef,Herda,Wydawca,Boczna 33,79-598,Żagań,90
515,Franciszek,Jędraszek,Technik nawigator morski,Krasickiego 42/99,04-761,Lubartów,103
516,Błażej,Wudarczyk,Kelner,Asnyka 93,63-226,Puławy,115
517,Kacper,Hejna,Deweloper budowlany,Pszenna 39,94-371,Kołobrzeg,100
518,Jerzy,Muniak,Menedżer kultury,Piastowska 52/32,77-505,Żywiec,57
519,Daniel,Sereda,Doradca inwestycyjny,Srebrna 82,85-406,Świętochłowice,45
520,Wiktor,Mielcarz,Kasjer biletowy,Drzymały 55/65,00-196,Leszno,130
521,Stefan,Kurcz,Doradca podatkowy w Polsce,Jaskółcza 31/66,23-864,Knurów,34
522,Krystyna,Gadzała,Konsultant,Miłosza 34/09,21-870,Polkowice,55
523,Roksana,Michalkiewicz,Dyrektor finansowy,Rubinowa 465,64-487,Ostrołęka,75
524,Marcel,Hermann,Pucybut,Wiatraczna 11/47,14-605,Olsztyn,40
525,Eliza,Stanisławek,Żongler,Dolna 783,87-971,Dzierżoniów,83
526,Przemysław,Madajczyk,Lekarz weterynarii,Hallera 75/43,29-034,Kędzierzyn-Koźle,67
527,Alex,Brzykcy,Technik kelner,Wyszyńskiego 59,85-588,Oława,83
528,Dorota,Kuźnia,Podleśniczy,Kochanowskiego 60/81,61-771,Lubin,77
529,Antoni,Tylman,Agent literacki,Bałtycka 525,79-550,Grodzisk Mazowiecki,139
530,Tymon,Brachman,Geodeta,Szczęśliwa 23/31,02-964,Skierniewice,137
531,Robert,Fuławka,Mim,Prosta 27,59-123,Żagań,122
532,Przemysław,Zackiewicz,Sprzedawca,Spółdzielcza 91/60,28-236,Swarzędz,109
533,Marika,Aleksiejuk,Drwal,Wiatraczna 86,85-255,Sandomierz,117
534,Ewa,Jarka,Animator kultury,Mazowiecka 44,10-527,Ostrołęka,88
535,Tobiasz,Pierzak,Rzeczoznawca majątkowy,Prosta 60/72,99-856,Gniezno,16
536,Ewelina,Szynkiewicz,Kosmonauta,Letnia 93,48-472,Radom,143
537,Krystyna,Mizia,Doradca finansowy,Podgórna 604,87-533,Ruda Śląska,117
538,Tola,Janc,Architekt krajobrazu,Kaszubska 79/13,35-047,Police,140
539,Dagmara,Kostek,Producent wykonawczy,Składowa 429,45-849,Radomsko,142
540,Klara,Szambelan,Dyplomata,Piękna 69,97-297,Ostrów Wielkopolski,115
541,Kaja,Dąbroś,Ekonomista,Kościelna 03,98-973,Kluczbork,92
542,Sonia,Graboń,Ratownik przedmedyczny,Dębowa 681,51-092,Wołomin,51
543,Adrian,Wlaźlak,Integrator automatyki,Zamkowa 70/60,45-419,Ciechanów,25
544,Natasza,Gruszczyk,Technik awionik,Łąkowa 454,43-745,Nysa,17
545,Bianka,Dawiec,Wydawca,Lwowska 20,65-042,Pabianice,53
546,Alan,Tokaj,Pracownicy uczelni w Polsce,Kopernika 67/83,38-783,Nowy Targ,16
547,Konrad,Piwowarek,Pisarz,Wieniawskiego 130,34-116,Koło,103
548,Stanisław,Żynda,Doradca finansowy,Złota 823,44-856,Kwidzyn,103
549,Melania,Tofil,Menedżer kultury,Wojciecha 69/58,42-094,Bielsk Podlaski,138
550,Sandra,Rudyk,Rekwizytor,Rózana 50/11,67-580,Radomsko,30
551,Liwia,Polnik,Menedżer kultury,Wczasowa 05/14,03-966,Bielsko-Biała,126
552,Ernest,Ścieszka,Ankieter,Morcinka 34,35-845,Sandomierz,69
553,Karol,Sykała,Pisarz,Daleka 177,06-215,Suwałki,49
554,Malwina,Niemczuk,Technik żywienia i gospodarstwa domowego,Warszawska 01,03-164,Kwidzyn,78
555,Gustaw,Gorzelańczyk,Żongler,Chełmońskiego 862,67-847,Skawina,112
556,Aleks,Klebba,Dyrektor artystyczny,Browarna 474,46-833,Zduńska Wola,38
557,Ksawery,Kopciuch,Kurier,Prosta 351,74-759,Nowa Sól,96
558,Kacper,Getka,Certyfikator energetyczny,Fiołkowa 153,34-919,Cieszyn,148
559,Franciszek,Dryka,Syndyk,Szeroka 25/26,22-706,Kutno,138
560,Piotr,Drost,Służący,Jasna 301,77-890,Myszków,141
561,Angelika,Rok,Elektromonter pomiarów,Tylna 71/62,20-670,Nowy Sącz,68
562,Malwina,Gmur,Przedstawiciel handlowy,Lwowska 69/65,03-363,Sosnowiec,107
563,Anastazja,Kędziorek,Kuk,Kilińskiego 93/01,68-983,Zgierz,89
564,Dominik,Tórz,Rachmistrz,Kruczkowskiego 37,97-009,Pruszków,147
565,Olga,Wiese,Portier,Myśliwska 92,73-964,Sopot,118
566,Marcel,Maraszek,Poganiacz,Jarzębinowa 01,63-128,Jelenia Góra,14
567,Blanka,Nastaj,Poganiacz,Opolska 884,71-695,Biłgoraj,90
568,Mariusz,Nikel,Reżyser,Promienna 97/32,13-445,Kluczbork,29
569,Anastazja,Kołak,Makler nadzorujący,Sucharskiego 02,15-826,Wałbrzych,71
570,Anita,Huber,Kawiarka,Hallera 423,69-500,Wałbrzych,59
571,Aniela,Drewniok,Pucybut,Graniczna 75/23,17-948,Chełm,22
572,Marcin,Wichary,Przedstawiciel handlowy,Piwna 391,12-926,Siemianowice Śląskie,90
573,Krystyna,Lindner,Antykwariusz,Gołębia 13,10-057,Łuków,40
574,Kacper,Wincenciak,Żongler,Klonowa 730,27-177,Augustów,54
575,Karol,Wałęsa,Poganiacz,Południowa 54,95-320,Ruda Śląska,90
576,Fryderyk,Żelazek,Rybak,Tulipanowa 98,49-313,Żyrardów,82
577,Stanisław,Adrian,Dyrektor finansowy,Srebrna 688,31-981,Świebodzice,38
578,Bianka,Bylina,Broker,Mostowa 66/21,80-555,Łowicz,108
579,Przemysław,Sacharczuk,Perfumiarz,Grabowa 51/81,19-187,Nowa Ruda,28
580,Julian,Knych,Technik żywienia i gospodarstwa domowego,Cegielniana 90,79-789,Koło,36
581,Rozalia,Szlaga,Satyryk,Sportowa 32,10-069,Zgierz,133
582,Ksawery,Doroba,Doradca podatkowy w Polsce,Grabowa 47,52-383,Skierniewice,109
583,Sonia,Sidorczuk,Żołnierz,Pomorska 88,44-506,Olsztyn,79
584,Bartek,Kunc,Szatniarz,Staffa 23/22,42-299,Tychy,148
585,Kornel,Stempin,Kuk,Chopina 80/00,88-859,Łaziska Górne,39
586,Nikodem,Sudak,Hydraulik,Wiosenna 644,93-482,Nowa Sól,139
587,Kazimierz,Grzela,Architekt krajobrazu,Wałowa 13/80,90-247,Kraków,60
588,Kornel,Handke,Redaktor techniczny,Zakątek 95/31,25-691,Zduńska Wola,121
589,Inga,Harasimiuk,Technik handlowiec,Długa 43/01,93-951,Konin,84
590,Melania,Szkoda,Agent firmy inwestycyjnej,Parkowa 38/88,52-396,Jastrzębie-Zdrój,63
591,Marcin,Cop,Kelner,Jana 95,30-491,Czechowice-Dziedzice,78
592,Arkadiusz,Grygorcewicz,Rachmistrz,Rózana 58,51-350,Luboń,29
593,Anastazja,Siwczak,Broker informacji,Malczewskiego 79/96,39-923,Świnoujście,142
594,Tymoteusz,Bobik,Tłumacz,Młyńska 574,89-513,Biłgoraj,76
595,Igor,Mikiciuk,Kuk,Wiatraczna 28/79,96-599,Częstochowa,121
596,Juliusz,Jargieło,Palacz,Żeromskiego 230,31-100,Świdnik,97
597,Olaf,Słupek,Księgowy,Azaliowa 90/55,05-862,Tychy,68
598,Malwina,Giedrojć,Masztalerz,Lawendowa 54/70,17-800,Iława,70
599,Lidia,Protasiuk,Kowboj,Reymonta 33/89,79-016,Koszalin,50
600,Igor,Langier,Wydawca,Tęczowa 090,19-573,Jasło,40
601,Konrad,Ścibisz,Kiper,Słonecznikowa 94,98-542,Starogard Gdański,69
602,Gustaw,Bartłomiejczyk,Liczmen,Żabia 11,04-466,Ruda Śląska,90
603,Natan,Swiątek,Technik żywienia i gospodarstwa domowego,Majowa 54/56,08-757,Iława,65
604,Miłosz,Nowotny,Redaktor techniczny,Lubelska 56,65-801,Kraśnik,85
605,Dawid,Gryta,Pracownik socjalny,Kraszewskiego 50,56-403,Kętrzyn,29
606,Adrian,Janoszka,Szczurołap,Przemysłowa 70,62-031,Pruszków,118
607,Witold,Łokietek,Rachmistrz,Jodłowa 81/88,25-743,Legnica,121
608,Sandra,Kuczaj,Robotnik,Dojazdowa 84/59,48-844,Knurów,18
609,Dominik,Pietrus,Rzeczoznawca budowlany,Wierzbowa 52/89,27-268,Przemyśl,145
610,Krystian,Moneta,Dyrektor finansowy,Starowiejska 005,27-290,Lubliniec,108
611,Rozalia,Ciastek,Syndyk licencjonowany,Lotnicza 21/91,54-329,Radomsko,79
612,Lidia,Wojtunik,Pracownicy uczelni w Polsce,Krucza 00,03-142,Kalisz,40
613,Cezary,Rubaj,Krupier,Makuszyńskiego 21/80,95-458,Brzeg,128
614,Tadeusz,Kalisiak,Fotoreporter,Magnoliowa 16/79,00-627,Toruń,108
615,Sylwia,Pabiś,Technik kelner,Pogodna 72,34-331,Reda,78
616,Julianna,Rysz,Doradca inwestycyjny,Poprzeczna 26/65,46-781,Inowrocław,130
617,Klara,Grzela,Marynarz,Plażowa 04/90,82-281,Luboń,113
618,Gaja,Goj,Trener,Kaszubska 617,21-177,Wałcz,47
619,Justyna,Maraszek,Pisarz,Konstytucji 3 Maja 83/19,32-993,Kędzierzyn-Koźle,34
620,Patryk,Kosno,Krupier,Częstochowska 43,37-046,Łaziska Górne,65
621,Sebastian,Zacharewicz,Kurator sądowy,Kaszubska 503,63-013,Sieradz,89
622,Bruno,Kociemba,Architekt wnętrz,Szymanowskiego 35,24-885,Kętrzyn,87
623,Olgierd,Korda,Rzeczoznawca samochodowy,Podmiejska 56,07-298,Sandomierz,124
624,Damian,Dylik,Nauczyciel akademicki,Leśna 93,42-566,Skarżysko-Kamienna,103
625,Jacek,Kiełbowicz,Aktor głosowy,Kossaka 25/21,28-282,Mikołów,141
626,Kamila,Ambrożewicz,Rzeczoznawca,Strażacka 91/08,64-767,Rybnik,141
627,Mateusz,Sobstyl,Technik weterynarii,Wiązowa 88/06,96-737,Mysłowice,65
628,Liwia,Nagel,Marynarz,Lazurowa 718,22-061,Ostrowiec Świętokrzyski,44
629,Franciszek,Korzonek,Ratownik,Jesienna 19,13-753,Ostróda,123
630,Emil,Sadza,Ergonomista,Asnyka 37,78-438,Dąbrowa Górnicza,72
631,Albert,Bobryk,Technik mechanik lotniczy,Bursztynowa 189,33-999,Zielona Góra,121
632,Elżbieta,Konsek,Rolnik,Malinowa 88/42,39-385,Szczecin,147
633,Patryk,Tomaszczyk,Taksówkarz,Szeroka 07,80-518,Chrzanów,57
634,Emil,Chojak,Broker,Jałowcowa 31/65,67-303,Gliwice,45
635,Sara,Smolorz,Krojczy,Toruńska 275,71-104,Śrem,97
636,Roksana,Bąbol,Barista,Wiklinowa 50,23-672,Biłgoraj,98
637,Ryszard,Narożny,Iluzjonista,Leszczynowa 271,75-502,Łaziska Górne,38
638,Tomasz,Gumieniak,Archiwista,Długosza 39/76,41-417,Kościerzyna,146
639,Igor,Tywoniuk,Księgowy,Pałacowa 43,49-140,Pszczyna,89
640,Apolonia,Wawrzynek,Plastyk,Mała 374,14-178,Opole,64
641,Kazimierz,Stwora,Kierowca,Błękitna 66,61-481,Kędzierzyn-Koźle,28
642,Julianna,Kołpak,Menedżer kultury,Gałczynskiego 23,79-805,Malbork,114
643,Iwo,Giec,Hydraulik,Witosa 03,91-307,Czeladź,16
644,Daniel,Kolman,Animator kultury,Wojska Polskiego 17/39,28-764,Pabianice,103
645,Patryk,Jakoniuk,Reporter wojenny,Skargi 209,57-257,Świecie,15
646,Dagmara,Nesterowicz,Certyfikator energetyczny,Wiśniowa 17/54,98-459,Racibórz,118
647,Monika,Wiraszka,Instruktor,Dąbrowskiego 21,87-645,Chełm,42
648,Klara,Pawełkiewicz,Arborysta,Strażacka 053,70-223,Oława,36
649,Julian,Różak,Agronom,Kaliska 209,14-020,Zielona Góra,48
650,Ida,Guziak,Technik budownictwa,Poprzeczna 587,78-568,Czeladź,67
651,Justyna,Glenc,Supermodelka,Zaułek 14,01-743,Świdnica,16
652,Adrian,Oślizło,Teksturator,Majowa 903,51-633,Łomża,100
653,Anastazja,Wawrzynkiewicz,Supermodelka,Rolnicza 40,53-530,Legionowo,107
654,Norbert,Semenowicz,Szatniarz,Widok 743,29-325,Wałcz,15
655,Oskar,Bączkiewicz,Agent firmy inwestycyjnej,Skrajna 043,75-750,Nowy Dwór Mazowiecki,18
656,Tola,Palej,Integrator automatyki,Szafirowa 058,28-723,Kluczbork,50
657,Witold,Skolik,Redaktor naukowy,Asnyka 10/16,43-892,Wałbrzych,31
658,Maksymilian,Celuch,Likwidator szkód,Towarowa 516,53-468,Łuków,129
659,Olga,Rząca,Geodeta,Piekarska 33,55-042,Szczecinek,45
660,Damian,Pęciak,Dyrektor kreatywny,Wesoła 181,81-367,Gorzów Wielkopolski,63
661,Dagmara,Miechowicz,Konsjerż,Wojciecha 554,96-852,Bielawa,49
662,Kazimierz,Kosno,Sufler,Targowa 60,40-793,Bielsko-Biała,81
663,Mateusz,Tylek,Arborysta,Rumiankowa 667,66-126,Biłgoraj,78
664,Kaja,Kozica,Pakowacz,Piaskowa 98,30-667,Bełchatów,92
665,Damian,Klaus,Fasowacz,Broniewskiego 13,90-027,Mielec,126
666,Andrzej,Borysiak,Pucybut,Podmiejska 20/97,01-319,Turek,62
667,Rozalia,Osiadacz,Motorniczy,Matejki 32,64-521,Marki,72
668,Malwina,Klatka,Audytor efektywności energetycznej,Tysiąclecia 461,96-689,Iława,72
669,Inga,Małyszek,Konferansjer,Jodłowa 84/14,42-464,Bartoszyce,117
670,Jacek,Tasarz,Rzecznik prasowy,Jeziorna 48/52,10-393,Bielsk Podlaski,19
671,Blanka,Hallmann,Oceanonauta,Pułaskiego 43/52,35-654,Chełm,39
672,Monika,Keler,Motorniczy,Bałtycka 15,41-876,Pabianice,78
673,Kacper,Bobko,Krupier,Powstańców Wielkopolskich 07,06-551,Piła,90
674,Cyprian,Suda,Certyfikator energetyczny,Floriana 89/62,51-521,Kraków,55
675,Eryk,Osipiuk,Aktor,Dworcowa 55,02-217,Łódź,24
676,Adrianna,Ciołczyk,Kosmonauta,Orzechowa 538,79-348,Bielawa,59
677,Wojciech,Piechna,Konstruktor,Sarnia 80,76-645,Czechowice-Dziedzice,85
678,Maksymilian,Kosak,Dyrektor finansowy,Cmentarna 14/18,07-402,Goleniów,120
679,Kamil,Mydlarz,Iluzjonista,Lipca 14,66-941,Łomża,53
680,Kornel,Mizgała,Elektromonter pomiarów,Przechodnia 82,32-862,Toruń,94
681,Kalina,Rubin,Krupier,Okulickiego 065,68-487,Wałbrzych,100
682,Ida,Bors,Redaktor naukowy,Turkusowa 330,08-356,Nysa,32
683,Karol,Tomaszuk,Rolnik,Orla 139,72-183,Włocławek,30
684,Damian,Steckiewicz,Przedstawiciel handlowy,Borówkowa 84/48,12-532,Starachowice,53
685,Olgierd,Fierek,Dyrektor kreatywny,Urocza 294,48-362,Ostrów Wielkopolski,141
686,Bianka,Kempny,Babcia klozetowa,Kilińskiego 078,32-349,Brodnica,131
687,Konstanty,Wójcikiewicz,Scenograf,Rózana 90,51-754,Kraśnik,39
688,Mieszko,Piestrzeniewicz,Aktor głosowy,Żabia 67,07-496,Żary,24
689,Stanisław,Brzęk,Konsultant ślubny,Witosa 20,67-420,Świdnik,125
690,Sonia,Kierat,Technik elektronik,Narutowicza 898,52-522,Chełm,54
691,Krzysztof,Ciastek,Pokojówka,Ceglana 394,80-327,Siedlce,37
692,Dominik,Bartkowicz,Dyrektor kreatywny,Wałowa 28/34,17-875,Sandomierz,80
693,Paweł,Ryguła,Strażak,Cmentarna 13/81,57-347,Wodzisław Śląski,139
694,Patryk,Miszta,Bibliotekarz dyplomowany,Nowa 357,93-426,Biała Podlaska,89
695,Ksawery,Łyp,Deweloper budowlany,Dąbrowskiego 33,69-591,Bytom,65
696,Arkadiusz,Kałek,Redaktor,Rejtana 30/63,90-970,Nysa,126
697,Ewa,Suchta,Reżyser,Ciasna 67/89,22-239,Ostrów Mazowiecka,132
698,Adrian,Dynak,Kosztorysant,Żabia 336,56-289,Stalowa Wola,62
699,Blanka,Dejneka,Sztygar,Gołębia 66,58-386,Leszno,137
700,Lidia,Leoniak,Lekarz weterynarii,Łanowa 619,53-479,Mielec,28
701,Natasza,Daniec,Polityk,Miodowa 95,35-363,Żyrardów,111
702,Justyna,Ufnal,Łącznik,Kolorowa 40/44,41-270,Bartoszyce,56
703,Leon,Ochał,Masztalerz,Miła 42/46,97-777,Świnoujście,96
704,Kaja,Iskierka,Trener personalny,Opolska 629,05-850,Wodzisław Śląski,79
705,Robert,Bździuch,Rzeczoznawca,Polna 72/56,14-785,Swarzędz,98
706,Oliwier,Piaścik,Politolog,Tulipanowa 23,62-678,Wrocław,45
707,Roksana,Tylka,Ochroniarz,Hallera 250,54-895,Płock,64
708,Kornel,Brojek,Psycholog,Maja 788,78-180,Kutno,125
709,Marianna,Narożna,Redaktor naukowy,Mazowiecka 12,39-779,Ostrów Wielkopolski,15
710,Juliusz,Watras,Perfumiarz,Konopnickiej 10/37,77-563,Ząbki,59
711,Arkadiusz,Królczyk,Rzeczoznawca,Głowackiego 05,17-327,Jaworzno,49
712,Adrianna,Mrotek,Pisarz,Diamentowa 95/83,41-676,Ciechanów,98
713,Kazimierz,Szott,Naukowiec,Ptasia 67,72-673,Kielce,48
714,Leon,Balcewicz,Wydawca,Reymonta 73/00,19-504,Mielec,24
715,Ada,Kobak,Agronom,Korfantego 81/56,78-388,Kłodzko,22
716,Norbert,Janasz,Redaktor naukowy,Jaskółcza 61/61,61-194,Zgorzelec,38
717,Julian,Langier,Naukowiec,Bydgoska 234,04-073,Elbląg,24
718,Witold,Walentynowicz,Technik weterynarii,Kalinowa 74/35,51-075,Żary,17
719,Julita,Ślimak,Kiper,Krakowska 020,88-639,Myszków,81
720,Kacper,Cygal,Iluzjonista,Miłosza 68/68,75-084,Września,61
721,Nikodem,Fuławka,Terminolog,Leszczynowa 69/51,14-748,Lubin,98
722,Damian,Pszczółka,Makler giełd towarowych,Lisia 63/56,67-607,Wejherowo,138
723,Kazimierz,Pusz,Sprzedawca,Dobra 307,67-858,Suwałki,28
724,Tymoteusz,Starek,Szlifierz,Bociania 07,84-397,Bełchatów,116
725,Aurelia,Władyka,Aktor,Towarowa 02/00,48-087,Jarocin,121
726,Andrzej,Kurzydło,Model,Szafirowa 24/97,67-924,Swarzędz,67
727,Marek,Kajdas,Babcia klozetowa,Strumykowa 60,72-241,Gniezno,147
728,Nicole,Obuchowicz,Dżokej,Fabryczna 87,15-970,Szczecinek,105
729,Mieszko,Giersz,Kiper,Żurawia 171,76-480,Racibórz,54
730,Maksymilian,Nestorowicz,Pokojówka,Cedrowa 06/20,02-497,Grudziądz,62
731,Aurelia,Puch,Marketingowiec,Podwale 06/15,74-416,Częstochowa,33
732,Stanisław,Tomaszkiewicz,Barista,Targowa 00/21,53-863,Toruń,129
733,Leonard,Młyńczyk,Deweloper budowlany,Kazimierza Wielkiego 97/90,88-523,Jarocin,19
734,Bartek,Domowicz,Redaktor techniczny,Łabędzia 91/11,92-901,Żagań,70
735,Emil,Podgórna,Kornak,Lwowska 233,68-928,Starachowice,88
736,Jacek,Macek,Lalkarz,Jaśminowa 524,37-079,Stargard Szczeciński,86
737,Aleksander,Gabara,Listonosz,Miodowa 746,41-897,Pruszków,93
738,Dorota,Kasiak,Inżynier,Borowa 398,06-417,Biłgoraj,16
739,Jan,Nowrot,Ratownik,Głogowa 181,65-039,Częstochowa,78
740,Konstanty,Pasiut,Tokarz,Wodna 26/81,93-525,Myszków,113
741,Marika,Paluszak,Inżynier budownictwa,Łabędzia 23,75-546,Jarocin,86
742,Olgierd,Klemczak,Inscenizator,Krzywa 50,58-870,Bochnia,54
743,Alan,Łosiak,Barista,Piękna 34/76,19-148,Swarzędz,22
744,Jan,Bienia,Niania,Wróblewskiego 88,61-628,Tomaszów Mazowiecki,70
745,Piotr,Droś,Trener personalny,Rynek 524,15-648,Kościerzyna,26
746,Miłosz,Siedlarz,Dyrektor finansowy,Brzoskwiniowa 519,39-067,Kraśnik,43
747,Mieszko,Boguta,Szczurołap,Dobra 32/49,92-550,Ząbki,85
748,Maks,Jurczuk,Wydawca,Sokola 45,29-976,Chojnice,98
749,Olgierd,Ksel,Przedstawiciel handlowy,Dworska 01/99,64-249,Gniezno,147
750,Julian,Lipowicz,Wydawca,Żeromskiego 409,40-853,Bielsk Podlaski,96
751,Jerzy,Latko,Technik mechanik okrętowy,Żytnia 228,78-736,Piekary Śląskie,59
752,Melania,Jeżyna,Animator kultury,Zapolskiej 85/55,89-075,Konin,14
753,Ewelina,Nieszporek,Redaktor techniczny,Bolesława Chrobrego 070,39-743,Siedlce,136
754,Alex,Loska,Rekwizytor,Skłodowskiej-Curie 09,28-075,Ostrowiec Świętokrzyski,93
755,Ksawery,Moździerz,Politolog,Szczęśliwa 47/62,39-847,Olsztyn,145
756,Angelika,Szumna,Konsjerż,Piekarska 939,11-209,Łowicz,33
757,Kamila,Cyrek,Palacz,Górska 015,32-505,Leszno,136
758,Elżbieta,Bruś,Agent celny,Rybacka 343,76-503,Knurów,87
759,Przemysław,Ciepła,Palacz,Rajska 16/65,52-464,Wyszków,52
760,Maksymilian,Koleśnik,Technik technologii drewna,Zaułek 352,73-126,Koło,92
761,Marianna,Stanisławczyk,Marynarz,Środkowa 317,26-336,Zakopane,66
762,Urszula,Dzierwa,Inżynier,Miła 538,15-695,Nowy Targ,44
763,Damian,Fac,Antykwariusz,Bydgoska 464,72-264,Ostrowiec Świętokrzyski,127
764,Marika,Wiszowaty,Makler giełd towarowych,Krótka 14/18,33-011,Czechowice-Dziedzice,26
765,Melania,Ośka,Rzeczoznawca majątkowy,Daleka 89/09,71-591,Katowice,67
766,Ewelina,Graboś,Instruktor,Lubelska 01/58,42-661,Tychy,22
767,Olga,Lenik,Brakarz,Szymanowskiego 549,75-076,Śrem,73
768,Lidia,Pawliczek,Geodeta,Brzozowa 23,25-959,Gniezno,135
769,Maurycy,Dorna,Technik handlowiec,Głogowa 14/54,89-145,Olsztyn,47
770,Lidia,Nieradzik,Pakowacz,Klonowa 31/08,64-864,Płońsk,137
771,Maksymilian,Pasieczna,Astronom,Miłosza 46/14,84-226,Szczecinek,111
772,Witold,Gros,Hycel,Podgórna 61/81,73-470,Puławy,76
773,Andrzej,Flieger,Agent firmy inwestycyjnej,Strumykowa 35/10,86-775,Sochaczew,77
774,Bruno,Kabala,Terapeuta,Willowa 862,81-250,Płońsk,130
775,Kajetan,Grabas,Bankowiec,Pałacowa 18,95-029,Zakopane,47
776,Błażej,Bystroń,Barman,Jarzębinowa 91,21-911,Tarnowskie Góry,46
777,Adrian,Kabala,Motorniczy,Górska 07,34-258,Ełk,46
778,Natasza,Lelito,Technik mechanik,Pszenna 59/46,77-738,Zduńska Wola,131
779,Fryderyk,Królikiewicz,Aktor głosowy,Stycznia 48,11-722,Pruszcz Gdański,147
780,Karol,Ciaś,Bankowiec,Konarskiego 13/73,80-556,Łomża,68
781,Lidia,Lesner,Kurator sztuki,Dąbrowskiego 13,80-817,Jawor,111
782,Andrzej,Rolek,Barman,Truskawkowa 625,41-555,Ruda Śląska,59
783,Radosław,Kloska,Tłumacz,Wesoła 86,58-211,Gliwice,28
784,Marianna,Piwek,Kiper,Bolesława Chrobrego 82,22-945,Bydgoszcz,131
785,Andrzej,Dębniak,Nauczyciel akademicki,Wieniawskiego 67/59,97-840,Reda,45
786,Fryderyk,Tylec,Rachmistrz,Pogodna 24/86,00-655,Starachowice,54
787,Sylwia,Tworzydło,Makler nadzorujący,Żwirowa 215,65-268,Bochnia,56
788,Krystian,Wąsiewicz,Detektyw,Cedrowa 98/21,54-854,Zambrów,96
789,Sandra,Ellwart,Palacz,Tylna 01/34,79-533,Sopot,63
790,Ada,Sornat,Hutnik,Kwiatowa 12/48,33-587,Szczecin,29
791,Aleksander,Myrcik,Kurier,Wierzbowa 10/28,99-884,Poznań,50
792,Mariusz,Boba,Sufler,Miła 075,76-381,Zgorzelec,116
793,Julianna,Rodzeń,Kontroler biletów,Matejki 57,09-515,Giżycko,44
794,Marek,Wołk,Agent celny,Pszenna 82/69,09-459,Rumia,17
795,Kamila,Nawrotek,Sztygar,Lipowa 31,30-787,Jastrzębie-Zdrój,134
796,Mikołaj,Reich,Naukowiec,Robotnicza 518,59-800,Bydgoszcz,56
797,Nataniel,Sapa,Likwidator szkód,Wąska 42/82,60-643,Skarżysko-Kamienna,17
798,Maksymilian,Stanisławczyk,Pośrednik finansowy,Głowackiego 91/85,43-385,Chorzów,125
799,Aleks,Warczak,Technik technologii drewna,Konarskiego 15,23-094,Zamość,121
800,Jan,Martin,Architekt krajobrazu,Krótka 78/44,66-712,Łuków,145
801,Tola,Piegza,Tokarz,Kościuszki 11,61-395,Ostrołęka,96
802,Gustaw,Rode,Grabarz,Grabowa 100,86-116,Elbląg,44
803,Wojciech,Smagała,Tłumacz,Mickiewicza 40/27,88-414,Wałcz,92
804,Fabian,Plaskota,Bibliotekarz dyplomowany,Grzybowa 66,93-283,Kościan,143
805,Antoni,Druszcz,Hycel,Lwowska 20,62-987,Kłodzko,69
806,Justyna,Małys,Agent literacki,Bolesława Chrobrego 37,48-129,Czeladź,84
807,Rozalia,Trzop,Szlifierz,Morska 24/79,65-807,Tarnów,42
808,Ada,Bartłomiejczyk,Nadleśniczy,Boczna 782,19-315,Lębork,43
809,Anita,Kuszyk,Technik technologii drewna,Ogrodowa 499,66-981,Gdynia,94
810,Nikodem,Gogola,Agronom,Boczna 26/17,92-623,Ostrów Mazowiecka,105
811,Tadeusz,Nagel,Broker ubezpieczeniowy,Lipca 439,95-768,Reda,32
812,Olga,Pośnik,Tokarz,Kołłątaja 91/54,84-312,Oława,16
813,Ryszard,Golus,Redaktor naukowy,Powstańców Śląskich 17,39-004,Reda,38
814,Stefan,Wietecha,Audytor efektywności energetycznej,Storczykowa 80,17-762,Czerwionka-Leszczyny,56
815,Radosław,Pakos,Nadleśniczy,Tuwima 22/75,69-097,Zambrów,51
816,Natasza,Solarczyk,Ebenista,Stroma 34/36,16-778,Biłgoraj,40
817,Leonard,Korbel,Doradca finansowy,Skłodowskiej-Curie 270,52-566,Jarocin,107
818,Ada,Niemczuk,Salowa,Władysława Jagiełły 895,46-184,Polkowice,58
819,Ryszard,Powałka,Certyfikator energetyczny,Zdrojowa 306,91-539,Zakopane,114
820,Fabian,Jędruszczak,Aktuariusz,Akacjowa 58/05,92-795,Płock,109
821,Andrzej,Trochim,Zoopsycholog,Skośna 61/58,42-297,Ostrów Mazowiecka,144
822,Monika,Witkowicz,Kurier rowerowy,Strażacka 33,91-248,Tomaszów Mazowiecki,15
823,Artur,Franik,Przewodnik turystyczny,Stolarska 25,10-142,Sieradz,43
824,Justyna,Jędrasiak,Nadleśniczy,Jeziorna 151,08-848,Ełk,56
825,Aurelia,Karaśkiewicz,Kurier rowerowy,Wypoczynkowa 99/10,12-167,Konin,67
826,Damian,Franc,Księgowy,Kaliska 85,11-529,Krosno,63
827,Kornel,Dunal,Scenograf,Długa 32,67-138,Racibórz,104
828,Dagmara,Drobek,Pośrednik w obrocie nieruchomościami,Jabłoniowa 347,82-568,Żory,20
829,Maksymilian,Knysak,Technik technologii drewna,Górnicza 50/13,97-719,Krotoszyn,126
830,Inga,Świerad,Niania,Glówna 10/00,12-770,Siemianowice Śląskie,83
831,Krystian,Omiotek,Broker,Harcerska 69/55,39-900,Gniezno,79
832,Mateusz,Pachla,Aktor głosowy,Okulickiego 736,53-993,Ostrów Wielkopolski,56
833,Gaja,Lewko,Technik technologii drewna,Stawowa 390,56-686,Nowa Sól,90
834,Karina,Laskus,Plastyk,Kusocińskiego 569,32-121,Mińsk Mazowiecki,83
835,Elżbieta,Stempniak,Główny księgowy,Perłowa 93,96-144,Żory,116
836,Justyna,Oziębło,Arborysta,Stolarska 70,89-960,Przemyśl,23
837,Norbert,Fijałek,Psiarz,Wolności 33,12-008,Przemyśl,46
838,Iwo,Samul,Kosmonauta,Stefana Batorego 469,14-781,Pruszków,125
839,Patryk,Głuszko,Terminolog,Odrzańska 05,27-853,Mysłowice,111
840,Kamil,Krauz,Projektant gier komputerowych,Toruńska 211,53-934,Dębica,85
841,Cezary,Szwaj,Robotnik,Władysława Jagiełły 85,88-804,Pruszków,64
842,Borys,Frydel,Konsjerż,Kościuszki 93,45-137,Myszków,57
843,Daniel,Drewicz,Dziennikarz,Azaliowa 97,39-331,Giżycko,122
844,Jan,Gomuła,Geodeta,Boczna 985,75-374,Rzeszów,24
845,Konrad,Kotlarek,Konserwator zabytków,Krakowska 99,44-988,Bielsk Podlaski,103
846,Anna Maria,Boksa,Klechdarz,Magnoliowa 16/02,02-714,Bełchatów,38
847,Aurelia,Krzystek,Aktor,Miodowa 648,07-387,Włocławek,38
848,Melania,Kempka,Koniarze,Ceglana 78,14-731,Suwałki,58
849,Anastazja,Gałaj,Nadleśniczy,Borowa 43/39,49-352,Inowrocław,107
850,Inga,Siekierka,Pisarz,Wyspiańskiego 11,37-891,Lębork,40
851,Julianna,Buszka,Kawiarka,Łączna 554,54-419,Głogów,102
852,Borys,Zmyślony,Tłumacz przysięgły,Krakowska 59,93-832,Brodnica,23
853,Inga,Ryszkiewicz,Sufler,Klasztorna 66,00-328,Inowrocław,56
854,Ksawery,Matulka,Naukowiec,Drzymały 665,90-589,Zawiercie,119
855,Borys,Dzierwa,Producent wykonawczy,Kaliska 90,81-734,Cieszyn,104
856,Tobiasz,Downar,Politolog,Ciasna 128,46-299,Pszczyna,47
857,Sylwia,Kapral,Tłumacz literacki,Lisia 456,11-530,Sosnowiec,107
858,Franciszek,Nalewajek,Psycholog,Zachodnia 48/99,30-089,Tomaszów Mazowiecki,47
859,Oliwier,Kozar,Dyplomata,Warszawska 14,78-366,Żagań,88
860,Przemysław,Skoneczna,Oceanonauta,Piaskowa 07/91,17-523,Piaseczno,50
861,Olgierd,Pietrasiak,Geolog,Prosta 702,71-826,Lubliniec,77
862,Aurelia,Gorgol,Służący,Sikorskiego 53/62,68-605,Wrocław,129
863,Melania,Siwa,Kosmonauta,Kasprowicza 03/59,94-883,Tarnobrzeg,35
864,Mariusz,Herbut,Katecheta,Brzoskwiniowa 62,68-197,Piaseczno,75
865,Artur,Klaja,Zoopsycholog,Kopernika 55/86,14-302,Leszno,62
866,Leonard,Gaś,Rzeczoznawca,Stefana Batorego 40/92,24-017,Piła,116
867,Tymon,Staniewicz,Barman,Rumiankowa 03,95-892,Jaworzno,68
868,Marcel,Paliga,Ratownik przedmedyczny,Rajska 17,97-977,Dzierżoniów,33
869,Kornelia,Klaus,Hycel,Kalinowa 536,89-610,Czeladź,133
870,Ignacy,Ciepła,Kierowca,Krasińskiego 431,90-463,Oleśnica,63
871,Urszula,Białka,Deweloper budowlany,Jesienna 91/71,91-570,Sopot,61
872,Roksana,Krzyszczak,Menedżer kultury,Pocztowa 63,71-839,Czechowice-Dziedzice,135
873,Andrzej,Zmuda,Kurator sztuki,Tartaczna 595,94-799,Krotoszyn,107
874,Cyprian,Lizoń,Konferansjer,Zwycięstwa 86/78,46-525,Jelenia Góra,36
875,Sylwia,Małycha,Taksówkarz,Paderewskiego 108,87-336,Malbork,113
876,Ewelina,Bartela,Listonosz,Cisowa 667,06-715,Jarosław,89
877,Daniel,Sierżant,Poganiacz,Miłosza 05/14,63-945,Świecie,75
878,Rafał,Kopyt,Animator kultury,Zachodnia 06,00-256,Bielawa,92
879,Franciszek,Cyba,Technik kelner,Jarzębinowa 10/99,92-382,Białogard,104
880,Maksymilian,Kołsut,Broker,Pocztowa 19/99,58-680,Jarocin,61
881,Ignacy,Piaseczna,Projektant gier komputerowych,Leszczynowa 36,06-427,Świdnik,69
882,Tobiasz,Fedorczyk,Sufler,Wałowa 28,84-509,Piekary Śląskie,114
883,Tadeusz,Bilik,Doradca podatkowy w Polsce,Fiołkowa 45/09,44-299,Nysa,39
884,Olga,Fikus,Szatniarz,Narutowicza 01/28,72-586,Gniezno,107
885,Antoni,Waszczyk,Przedstawiciel handlowy,Wyszyńskiego 47/71,15-564,Mikołów,112
886,Kornelia,Cecot,Nadleśniczy,Maczka 04,71-290,Mława,32
887,Olga,Kurzaj,Animator kultury,Akacjowa 082,07-957,Wągrowiec,30
888,Stanisław,Podgórny,Naukowiec,Wiślana 55,46-747,Tomaszów Mazowiecki,24
889,Alan,Cetera,Reporter wojenny,Rataja 83/73,47-217,Lubliniec,98
890,Natan,Senator,Brakarz,Browarna 58/25,58-914,Legnica,70
891,Kacper,Zyguła,Technik technologii drewna,Rzeczna 204,60-031,Rumia,146
892,Bruno,Foremniak,Portier,Kowalska 67/67,44-003,Krotoszyn,104
893,Jakub,Makaruk,Inscenizator,Sadowa 99/31,23-239,Płońsk,55
894,Nela,Feluś,Salowa,Robotnicza 79/48,48-864,Racibórz,107
895,Klara,Więcławek,Hycel,Borowa 044,05-933,Bytom,61
896,Hubert,Koźlak,Arborysta,Wrzosowa 410,77-028,Zgorzelec,91
897,Bartek,Kajdan,Doradca podatkowy w Polsce,Strzelecka 77/79,07-884,Nowy Dwór Mazowiecki,101
898,Lidia,Fras,Rachmistrz,Górska 13/45,80-478,Czeladź,148
899,Marika,Wołodźko,Hycel,Brzechwy 160,66-146,Iława,14
900,Patryk,Balcewicz,Marynarz,Olchowa 06/91,30-312,Jarocin,133
901,Jędrzej,Taczała,Żongler,Poprzeczna 42/68,38-705,Nowy Dwór Mazowiecki,138
902,Marika,Ropiak,Pakowacz,Handlowa 030,93-701,Police,61
903,Artur,Fornalik,Doradca podatkowy w Polsce,Konwaliowa 259,52-767,Gdańsk,119
904,Marcin,Filusz,Certyfikator energetyczny,Brzechwy 13/58,75-952,Łaziska Górne,127
905,Karina,Cyrek,Hydraulik,Morska 29,06-429,Zamość,112
906,Agnieszka,Kubieniec,Księgowy,Staffa 177,88-443,Czerwionka-Leszczyny,123
907,Liwia,Snoch,Marketingowiec,Władysława Łokietka 12/79,68-583,Kędzierzyn-Koźle,29
908,Ada,Chwała,Dyrektor finansowy,Gołębia 78,48-422,Rybnik,84
909,Wiktor,Syldatk,Makler nadzorujący,Fiołkowa 00/97,65-025,Bełchatów,87
910,Eryk,Żugaj,Kierowca,Harcerska 25/68,92-314,Zawiercie,86
911,Damian,Leoniuk,Broker ubezpieczeniowy,Widokowa 58,02-217,Nowy Sącz,129
912,Julianna,Skupin,Redaktor,Korfantego 93,58-793,Wieluń,48
913,Dominik,Poczta,Politolog,Wypoczynkowa 434,62-217,Czerwionka-Leszczyny,59
914,Urszula,Gwizdek,Biegły rewident,Floriana 83/61,38-956,Biłgoraj,91
915,Malwina,Piłka,Psiarz,Hallera 20/96,32-038,Będzin,15
916,Daniel,Bobrowicz,Biegły rewident,Poziomkowa 13/60,01-029,Czerwionka-Leszczyny,105
917,Dorota,Wasil,Sprzedawca,Kościuszki 34,51-208,Jelenia Góra,20
918,Cyprian,Szylar,Wydawca,Floriana 23/38,07-170,Poznań,54
919,Alex,Czura,Fotoreporter,Zaułek 86,37-679,Środa Wielkopolska,16
920,Tymon,Nurkiewicz,Krupier,Wolności 45,44-513,Kościerzyna,86
921,Sonia,Fornalik,Biegły rewident,Jeziorna 59/29,84-451,Lublin,130
922,Dorota,Ogłaza,Nauczyciel akademicki,Jesienna 76/91,61-303,Grodzisk Mazowiecki,125
923,Natasza,Opas,Agent ubezpieczeniowy,Tulipanowa 34/06,55-591,Puławy,65
924,Jacek,Pajda,Pisarz,Reja 21,50-953,Kędzierzyn-Koźle,86
925,Nicole,Goska,Satyryk,Letnia 28/57,26-995,Mława,127
926,Dorota,Szynkiewicz,Kurier rowerowy,Wyspiańskiego 06,36-730,Bydgoszcz,75
927,Ignacy,Żok,Niania,Widok 83/28,36-180,Tarnobrzeg,86
928,Konstanty,Jaskóła,Integrator automatyki,Wróblewskiego 69,40-611,Chojnice,64
929,Karina,Knieć,Kosmonauta,Szymanowskiego 89/56,95-020,Legionowo,116
930,Julita,Pleśniak,Kasjer biletowy,Widokowa 738,87-486,Słupsk,68
931,Rozalia,Dubel,Ochroniarz,Bydgoska 96/57,31-853,Mielec,118
932,Marianna,Siciarz,Politolog,Zachodnia 01/55,18-111,Zielona Góra,72
933,Maks,Łusiak,Ekwilibrystyka,Chełmońskiego 93/91,38-326,Ciechanów,52
934,Kamila,Goworek,Terapeuta,Działkowa 309,09-379,Środa Wielkopolska,148
935,Cezary,Kurp,Kawalkator,Wierzbowa 868,65-292,Ciechanów,31
936,Blanka,Kuban,Pracownicy uczelni w Polsce,Częstochowska 82/22,13-312,Bielsko-Biała,71
937,Kaja,Klorek,Archeolog,Stroma 475,66-323,Jawor,137
938,Kalina,Żynda,Dziennikarz,Jastrzębia 944,03-313,Myszków,23
939,Julita,Czerniakiewicz,Listonosz,Tęczowa 79/05,28-445,Gniezno,89
940,Klara,Judek,Menedżer kultury,Szewska 29,06-727,Tarnów,77
941,Kamil,Niedojadło,Reżyser,Malczewskiego 60,46-657,Bochnia,116
942,Witold,Dytko,Psiarz,Widok 25/20,66-026,Bełchatów,91
943,Wiktor,Gabrych,Technik mechanik,Północna 583,23-095,Łowicz,141
944,Maksymilian,Hanus,Agronom,Maja 63/67,93-794,Dębica,82
945,Arkadiusz,Plich,Dyplomata,Sienkiewicza 86,65-176,Polkowice,123
946,Dagmara,Szyma,Ergonomista,Osiedlowa 201,58-465,Sopot,57
947,Julian,Golczyk,Makler papierów wartościowych,Leśna 20,07-501,Świdnik,70
948,Aleks,Kornak,Trener,Wyzwolenia 312,95-731,Sochaczew,118
949,Aniela,Bender,Agent ubezpieczeniowy,Miłosza 307,16-497,Mława,119
950,Marianna,Zaniewicz,Konsultant ślubny,Wiśniowa 03/83,31-251,Turek,28
951,Aurelia,Pyszczek,Księgowy,Jaskółcza 462,36-878,Augustów,130
952,Eryk,Miozga,Broker informacji,Dojazdowa 48,92-523,Bolesławiec,38
953,Adrianna,Szeszko,Brakarz,Księżycowa 44/08,22-022,Przemyśl,62
954,Kajetan,Makoś,Architekt krajobrazu,Miodowa 599,28-297,Będzin,73
955,Ryszard,Salwin,Nauczyciel,Bolesława Chrobrego 96/08,09-390,Nowa Sól,115
956,Adrianna,Pudełek,Kowboj,Władysława Jagiełły 85/83,05-261,Chrzanów,106
957,Igor,Seweryniak,Portier,Żabia 78,53-851,Wrocław,146
958,Aleksander,Faltyn,Animator kultury,Gajowa 73,19-714,Sieradz,70
959,Kamil,Kosałka,Kosmonauta,Tulipanowa 98,62-329,Białystok,147
960,Jędrzej,Hajdasz,Polityk,Majowa 220,83-898,Bytom,76
961,Borys,Kiedrowicz,Lekarz weterynarii,Wspólna 643,80-541,Legionowo,149
962,Aurelia,Wielgat,Redaktor techniczny,Waryńskiego 82/19,33-524,Zgierz,146
963,Kornelia,Fiedler,Kuk,Władysława Łokietka 748,56-072,Kraśnik,94
964,Bartek,Rudolf,Technik technologii drewna,Lelewela 960,41-425,Iława,116
965,Malwina,Kucharzyk,Ksiądz,Krucza 76/93,45-600,Piotrków Trybunalski,28
966,Bartek,Brojek,Makler nadzorujący,Sosnowa 85/74,03-163,Elbląg,73
967,Tymon,Koj,Robotnik,Waryńskiego 22/17,81-014,Poznań,26
968,Agnieszka,Budzich,Redaktor merytoryczny,Wiklinowa 64/78,41-886,Szczecinek,109
969,Leonard,Ośko,Tłumacz,Dąbrowskiego 38/02,52-212,Września,127
970,Dorota,Szajek,Technik budownictwa,Jana 81/17,61-793,Cieszyn,24
971,Aurelia,Cyba,Kawiarka,Kielecka 23,78-318,Ruda Śląska,129
972,Konstanty,Sanetra,Trener personalny,Konarskiego 057,27-908,Zielona Góra,28
973,Dominik,Sztuczka,Bankowiec,Daszyńskiego 24/57,85-095,Mikołów,56
974,Oliwier,Bulanda,Pokojówka,Kossaka 63,05-430,Wodzisław Śląski,68
975,Stanisław,Job,Rybak,Brzozowa 56/52,45-187,Gorzów Wielkopolski,102
976,Bruno,Lorenz,Naukowiec,Zakole 022,90-419,Nowa Sól,119
977,Norbert,Ubysz,Makler nadzorujący,Owocowa 16/25,14-945,Gdynia,108
978,Klara,Langa,Aktor dziecięcy,Wczasowa 45/57,63-222,Siemianowice Śląskie,76
979,Blanka,Łepek,Rzeczoznawca majątkowy,Brzoskwiniowa 35/49,37-668,Bolesławiec,39
980,Fabian,Skonieczka,Technik awionik,Toruńska 06,02-665,Piotrków Trybunalski,72
981,Kajetan,Fogt,Arborysta,Szewska 61/37,27-724,Słupsk,21
982,Daniel,Rurka,Pokojówka,Torowa 547,31-002,Gorlice,94
983,Krzysztof,Kiljan,Technik żywienia i gospodarstwa domowego,Kowalska 10,87-787,Pruszków,144
984,Szymon,Skubała,Technik awionik,Krucza 362,80-735,Radomsko,25
985,Natasza,Goral,Redaktor techniczny,Jagodowa 42/52,33-683,Brodnica,130
986,Sonia,Czapiga,Rekwizytor,Wiosenna 21,11-475,Będzin,33
987,Błażej,Melka,Kawiarka,Bema 71,22-943,Police,91
988,Urszula,Żymełka,Ratownik przedmedyczny,Kusocińskiego 02,61-228,Kołobrzeg,114
989,Marcin,Kościesza,Likwidator szkód,Mazurska 81/46,68-169,Kwidzyn,29
990,Sara,Ciuk,Polityk,Kościuszki 61/41,20-286,Skierniewice,103
991,Aleksander,Tabak,Pośrednik ubezpieczeniowy,Brzechwy 85/02,95-442,Oleśnica,79
992,Karol,Sztuba,Rzeczoznawca,Szeroka 19/61,67-062,Bielsko-Biała,114
993,Artur,Kordys,Rybak,Rubinowa 69,51-345,Kluczbork,25
994,Przemysław,Broszkiewicz,Pracownicy uczelni w Polsce,Nałkowskiej 34,44-002,Bochnia,134
995,Rafał,Kajstura,Kasjer biletowy,Długosza 924,88-001,Tychy,22
996,Bruno,Leszcz,Łącznik,Stolarska 84/59,09-059,Luboń,49
997,Damian,Kaja,Drwal,Wieniawskiego 82,43-854,Białogard,68
998,Dagmara,Juszczuk,Pakowacz,Powstańców Śląskich 482,18-122,Września,64
999,Filip,Plona,Nadleśniczy,Orla 44,92-317,Wągrowiec,71
